[     331ms] [LOG] [Fast Refresh] rebuilding @ http://localhost:3000/_next/static/chunks/node_modules_next_dist_f3530cac._.js:2297
[     588ms] [LOG] [Fast Refresh] done in 362ms @ http://localhost:3000/_next/static/chunks/node_modules_next_dist_f3530cac._.js:2297
[     643ms] [INFO] %cDownload the React DevTools for a better development experience: https://react.dev/link/react-devtools font-weight:bold @ http://localhost:3000/_next/static/chunks/node_modules_next_dist_f3530cac._.js:2297
[     665ms] [LOG] [HMR] connected @ http://localhost:3000/_next/static/chunks/node_modules_next_dist_f3530cac._.js:2297
[     865ms] [LOG] [Fast Refresh] rebuilding @ http://localhost:3000/_next/static/chunks/node_modules_next_dist_f3530cac._.js:2297
[     870ms] [LOG] [Fast Refresh] done in 105ms @ http://localhost:3000/_next/static/chunks/node_modules_next_dist_f3530cac._.js:2297
[     888ms] [WARNING] Image with src "/images/blog/blog1.jpg" has "fill" but is missing "sizes" prop. Please add it to improve page performance. Read more: https://nextjs.org/docs/api-reference/next/image#sizes @ http://localhost:3000/_next/static/chunks/node_modules_next_dist_f3530cac._.js:2297
[     890ms] [WARNING] Image with src "/images/blog/blog2.jpg" has "fill" but is missing "sizes" prop. Please add it to improve page performance. Read more: https://nextjs.org/docs/api-reference/next/image#sizes @ http://localhost:3000/_next/static/chunks/node_modules_next_dist_f3530cac._.js:2297
[     893ms] [WARNING] Image with src "/images/blog/blog4.jpg" has "fill" but is missing "sizes" prop. Please add it to improve page performance. Read more: https://nextjs.org/docs/api-reference/next/image#sizes @ http://localhost:3000/_next/static/chunks/node_modules_next_dist_f3530cac._.js:2297
[     896ms] [WARNING] Image with src "/images/blog/blog3.jpg" has "fill" but is missing "sizes" prop. Please add it to improve page performance. Read more: https://nextjs.org/docs/api-reference/next/image#sizes @ http://localhost:3000/_next/static/chunks/node_modules_next_dist_f3530cac._.js:2297
[     947ms] [WARNING] Image with src "/images/blog/blog4.jpg" was detected as the Largest Contentful Paint (LCP). Please add the `loading="eager"` property if this image is above the fold.
Read more: https://nextjs.org/docs/app/api-reference/components/image#loading @ http://localhost:3000/_next/static/chunks/node_modules_next_dist_f3530cac._.js:2297
[    1029ms] [LOG] %c[Vercel Web Analytics]%c Debug mode is enabled by default in development. No requests will be sent to the server. color: rgb(120, 120, 120) color: inherit @ http://localhost:3000/_next/static/chunks/node_modules_next_dist_f3530cac._.js:2297
[    1030ms] [LOG] %c[Vercel Web Analytics]%c Running queued event color: rgb(120, 120, 120) color: inherit pageview {route: /blog, path: /blog} @ http://localhost:3000/_next/static/chunks/node_modules_next_dist_f3530cac._.js:2297
[    1030ms] [LOG] %c[Vercel Web Analytics]%c [view] http://localhost:3000/blog color: rgb(120, 120, 120) color: inherit {o: http://localhost:3000/blog, sv: 0.1.3, sdkn: @vercel/analytics/next, sdkv: 1.6.1, ts: 1783346758898} /_vercel/insights/view @ http://localhost:3000/_next/static/chunks/node_modules_next_dist_f3530cac._.js:2297
[    1030ms] [LOG] %c[Vercel Speed Insights]%c Debug mode is enabled by default in development. No requests will be sent to the server. color: rgb(120, 120, 120) color: inherit @ http://localhost:3000/_next/static/chunks/node_modules_next_dist_f3530cac._.js:2297
[    2404ms] [WARNING] Image with src "/images/blog/blog2.jpg" was detected as the Largest Contentful Paint (LCP). Please add the `loading="eager"` property if this image is above the fold.
Read more: https://nextjs.org/docs/app/api-reference/components/image#loading @ http://localhost:3000/_next/static/chunks/node_modules_next_dist_f3530cac._.js:2297
[    4622ms] [LOG] %c[Vercel Speed Insights]%c [vitals] color: rgb(120, 120, 120) color: inherit {speed: 4g, metrics: Array(4), scriptVersion: 0.1.3, sdkName: @vercel/speed-insights/next, sdkVersion: 2.0.0} /_vercel/speed-insights/vitals @ http://localhost:3000/_next/static/chunks/node_modules_next_dist_f3530cac._.js:2297
[    4643ms] [WARNING] Detected `scroll-behavior: smooth` on the `<html>` element. To disable smooth scrolling during route transitions, add `data-scroll-behavior="smooth"` to your <html> element. Learn more: https://nextjs.org/docs/messages/missing-data-scroll-behavior @ http://localhost:3000/_next/static/chunks/node_modules_next_dist_f3530cac._.js:2297
[    4663ms] [WARNING] [react-tooltip] Do not set `style.border`. Use `border` prop instead. @ http://localhost:3000/_next/static/chunks/node_modules_next_dist_f3530cac._.js:2297
[    4664ms] [WARNING] [react-tooltip] Do not set `style.border`. Use `border` prop instead. @ http://localhost:3000/_next/static/chunks/node_modules_next_dist_f3530cac._.js:2297
[    4664ms] [WARNING] [react-tooltip] Do not set `style.border`. Use `border` prop instead. @ http://localhost:3000/_next/static/chunks/node_modules_next_dist_f3530cac._.js:2297
[    4665ms] [WARNING] [react-tooltip] Do not set `style.border`. Use `border` prop instead. @ http://localhost:3000/_next/static/chunks/node_modules_next_dist_f3530cac._.js:2297
[    4665ms] [WARNING] [react-tooltip] Do not set `style.border`. Use `border` prop instead. @ http://localhost:3000/_next/static/chunks/node_modules_next_dist_f3530cac._.js:2297
[    4665ms] [WARNING] [react-tooltip] Do not set `style.border`. Use `border` prop instead. @ http://localhost:3000/_next/static/chunks/node_modules_next_dist_f3530cac._.js:2297
[    4693ms] [WARNING] [react-tooltip] Do not set `style.border`. Use `border` prop instead. @ http://localhost:3000/_next/static/chunks/node_modules_next_dist_f3530cac._.js:2297
[    4694ms] [WARNING] [react-tooltip] Do not set `style.border`. Use `border` prop instead. @ http://localhost:3000/_next/static/chunks/node_modules_next_dist_f3530cac._.js:2297
[    4694ms] [WARNING] [react-tooltip] Do not set `style.border`. Use `border` prop instead. @ http://localhost:3000/_next/static/chunks/node_modules_next_dist_f3530cac._.js:2297
[    4695ms] [WARNING] [react-tooltip] Do not set `style.border`. Use `border` prop instead. @ http://localhost:3000/_next/static/chunks/node_modules_next_dist_f3530cac._.js:2297
[    4695ms] [WARNING] [react-tooltip] Do not set `style.border`. Use `border` prop instead. @ http://localhost:3000/_next/static/chunks/node_modules_next_dist_f3530cac._.js:2297
[    4695ms] [WARNING] [react-tooltip] Do not set `style.border`. Use `border` prop instead. @ http://localhost:3000/_next/static/chunks/node_modules_next_dist_f3530cac._.js:2297
[    4699ms] [LOG] %c[Vercel Web Analytics]%c [view] http://localhost:3000/#experience color: rgb(120, 120, 120) color: inherit {o: http://localhost:3000/#experience, sv: 0.1.3, sdkn: @vercel/analytics/next, sdkv: 1.6.1, ts: 1783346762549} /_vercel/insights/view @ http://localhost:3000/_next/static/chunks/node_modules_next_dist_f3530cac._.js:2297
[    4700ms] [WARNING] Image with src "/_next/static/media/js.70b52c32.png" has "fill" but is missing "sizes" prop. Please add it to improve page performance. Read more: https://nextjs.org/docs/api-reference/next/image#sizes @ http://localhost:3000/_next/static/chunks/node_modules_next_dist_f3530cac._.js:2297
[    4700ms] [WARNING] Image with src "/_next/static/media/typescript.98e686f2.png" has "fill" but is missing "sizes" prop. Please add it to improve page performance. Read more: https://nextjs.org/docs/api-reference/next/image#sizes @ http://localhost:3000/_next/static/chunks/node_modules_next_dist_f3530cac._.js:2297
[    4700ms] [WARNING] Image with src "/_next/static/media/react.94e476b9.png" has "fill" but is missing "sizes" prop. Please add it to improve page performance. Read more: https://nextjs.org/docs/api-reference/next/image#sizes @ http://localhost:3000/_next/static/chunks/node_modules_next_dist_f3530cac._.js:2297
[    4700ms] [WARNING] Image with src "/_next/static/media/nextjs.f6f9c7b2.jpeg" has "fill" but is missing "sizes" prop. Please add it to improve page performance. Read more: https://nextjs.org/docs/api-reference/next/image#sizes @ http://localhost:3000/_next/static/chunks/node_modules_next_dist_f3530cac._.js:2297
[    4700ms] [WARNING] Image with src "/_next/static/media/tailwindcss.3dd9d549.jpeg" has "fill" but is missing "sizes" prop. Please add it to improve page performance. Read more: https://nextjs.org/docs/api-reference/next/image#sizes @ http://localhost:3000/_next/static/chunks/node_modules_next_dist_f3530cac._.js:2297
[    4700ms] [WARNING] Image with src "/_next/static/media/python.58a41c3f.png" has "fill" but is missing "sizes" prop. Please add it to improve page performance. Read more: https://nextjs.org/docs/api-reference/next/image#sizes @ http://localhost:3000/_next/static/chunks/node_modules_next_dist_f3530cac._.js:2297
[    4700ms] [WARNING] Image with src "/_next/static/media/nodejs.c2c5065d.png" has "fill" but is missing "sizes" prop. Please add it to improve page performance. Read more: https://nextjs.org/docs/api-reference/next/image#sizes @ http://localhost:3000/_next/static/chunks/node_modules_next_dist_f3530cac._.js:2297
[    4700ms] [WARNING] Image with src "/_next/static/media/neon.238e1ded.jpeg" has "fill" but is missing "sizes" prop. Please add it to improve page performance. Read more: https://nextjs.org/docs/api-reference/next/image#sizes @ http://localhost:3000/_next/static/chunks/node_modules_next_dist_f3530cac._.js:2297
[    4700ms] [WARNING] Image with src "/_next/static/media/docker.ac28fd10.jpeg" has "fill" but is missing "sizes" prop. Please add it to improve page performance. Read more: https://nextjs.org/docs/api-reference/next/image#sizes @ http://localhost:3000/_next/static/chunks/node_modules_next_dist_f3530cac._.js:2297
[    4700ms] [WARNING] Image with src "/_next/static/media/vercel.621c723c.png" has "fill" but is missing "sizes" prop. Please add it to improve page performance. Read more: https://nextjs.org/docs/api-reference/next/image#sizes @ http://localhost:3000/_next/static/chunks/node_modules_next_dist_f3530cac._.js:2297
[    4709ms] [WARNING] Image with src "/_next/static/media/github.c7b35360.png" has "fill" but is missing "sizes" prop. Please add it to improve page performance. Read more: https://nextjs.org/docs/api-reference/next/image#sizes @ http://localhost:3000/_next/static/chunks/node_modules_next_dist_f3530cac._.js:2297
[    4709ms] [WARNING] Image with src "/_next/static/media/n8n.33856778.png" has "fill" but is missing "sizes" prop. Please add it to improve page performance. Read more: https://nextjs.org/docs/api-reference/next/image#sizes @ http://localhost:3000/_next/static/chunks/node_modules_next_dist_f3530cac._.js:2297
[    4709ms] [WARNING] Image with src "/_next/static/media/stripe.ae0b4826.jpeg" has "fill" but is missing "sizes" prop. Please add it to improve page performance. Read more: https://nextjs.org/docs/api-reference/next/image#sizes @ http://localhost:3000/_next/static/chunks/node_modules_next_dist_f3530cac._.js:2297
[    4710ms] [WARNING] Image with src "/_next/static/media/cursor.953073c3.webp" has "fill" but is missing "sizes" prop. Please add it to improve page performance. Read more: https://nextjs.org/docs/api-reference/next/image#sizes @ http://localhost:3000/_next/static/chunks/node_modules_next_dist_f3530cac._.js:2297
[    4710ms] [WARNING] Image with src "https://pub-b5cc14cdfc9a459bbb6c1cc637db4ffa.r2.dev/images/288_1x_shots_so.png" has "fill" but is missing "sizes" prop. Please add it to improve page performance. Read more: https://nextjs.org/docs/api-reference/next/image#sizes @ http://localhost:3000/_next/static/chunks/node_modules_next_dist_f3530cac._.js:2297
[    4710ms] [WARNING] Image with src "https://pub-b5cc14cdfc9a459bbb6c1cc637db4ffa.r2.dev/images/main.png" has "fill" but is missing "sizes" prop. Please add it to improve page performance. Read more: https://nextjs.org/docs/api-reference/next/image#sizes @ http://localhost:3000/_next/static/chunks/node_modules_next_dist_f3530cac._.js:2297
[    4710ms] [WARNING] Image with src "https://pub-b5cc14cdfc9a459bbb6c1cc637db4ffa.r2.dev/images/Trace.png" has "fill" but is missing "sizes" prop. Please add it to improve page performance. Read more: https://nextjs.org/docs/api-reference/next/image#sizes @ http://localhost:3000/_next/static/chunks/node_modules_next_dist_f3530cac._.js:2297
[    4710ms] [WARNING] Image with src "https://pub-b5cc14cdfc9a459bbb6c1cc637db4ffa.r2.dev/images/crack.png" has "fill" but is missing "sizes" prop. Please add it to improve page performance. Read more: https://nextjs.org/docs/api-reference/next/image#sizes @ http://localhost:3000/_next/static/chunks/node_modules_next_dist_f3530cac._.js:2297
[    4711ms] [WARNING] Image with src "https://pub-b5cc14cdfc9a459bbb6c1cc637db4ffa.r2.dev/images/apple.png" has "fill" but is missing "sizes" prop. Please add it to improve page performance. Read more: https://nextjs.org/docs/api-reference/next/image#sizes @ http://localhost:3000/_next/static/chunks/node_modules_next_dist_f3530cac._.js:2297
[    4711ms] [WARNING] Image with src "https://ik.imagekit.io/ivyzquofk/Financio.png" has "fill" but is missing "sizes" prop. Please add it to improve page performance. Read more: https://nextjs.org/docs/api-reference/next/image#sizes @ http://localhost:3000/_next/static/chunks/node_modules_next_dist_f3530cac._.js:2297
[    4813ms] [LOG] [Fast Refresh] rebuilding @ http://localhost:3000/_next/static/chunks/node_modules_next_dist_f3530cac._.js:2297
[    4824ms] [LOG] [Fast Refresh] done in 174ms @ http://localhost:3000/_next/static/chunks/node_modules_next_dist_f3530cac._.js:2297
[   16020ms] [LOG] Neko behavior: Run Away From Mouse @ http://localhost:3000/_next/static/chunks/node_modules_next_dist_f3530cac._.js:2297
[   16240ms] [LOG] Neko behavior: Run Around Randomly @ http://localhost:3000/_next/static/chunks/node_modules_next_dist_f3530cac._.js:2297
[   24364ms] [WARNING] Image with src "/images/footer.png" has either width or height modified, but not the other. If you use CSS to change the size of your image, also include the styles 'width: "auto"' or 'height: "auto"' to maintain the aspect ratio. @ http://localhost:3000/_next/static/chunks/node_modules_next_dist_f3530cac._.js:2297
[   31409ms] [INFO] %cDownload the React DevTools for a better development experience: https://react.dev/link/react-devtools font-weight:bold @ http://localhost:3000/_next/static/chunks/node_modules_next_dist_f3530cac._.js:2297
[   31431ms] [LOG] [HMR] connected @ http://localhost:3000/_next/static/chunks/node_modules_next_dist_f3530cac._.js:2297
[   31495ms] [WARNING] Image with src "/images/blog/blog4.jpg" has "fill" but is missing "sizes" prop. Please add it to improve page performance. Read more: https://nextjs.org/docs/api-reference/next/image#sizes @ http://localhost:3000/_next/static/chunks/node_modules_next_dist_f3530cac._.js:2297
[   31497ms] [WARNING] Image with src "/images/blog/blog3.jpg" has "fill" but is missing "sizes" prop. Please add it to improve page performance. Read more: https://nextjs.org/docs/api-reference/next/image#sizes @ http://localhost:3000/_next/static/chunks/node_modules_next_dist_f3530cac._.js:2297
[   31498ms] [WARNING] Image with src "/images/blog/blog2.jpg" has "fill" but is missing "sizes" prop. Please add it to improve page performance. Read more: https://nextjs.org/docs/api-reference/next/image#sizes @ http://localhost:3000/_next/static/chunks/node_modules_next_dist_f3530cac._.js:2297
[   31498ms] [WARNING] Image with src "/images/blog/blog1.jpg" has "fill" but is missing "sizes" prop. Please add it to improve page performance. Read more: https://nextjs.org/docs/api-reference/next/image#sizes @ http://localhost:3000/_next/static/chunks/node_modules_next_dist_f3530cac._.js:2297
[   31509ms] [WARNING] Image with src "/images/blog/blog3.jpg" was detected as the Largest Contentful Paint (LCP). Please add the `loading="eager"` property if this image is above the fold.
Read more: https://nextjs.org/docs/app/api-reference/components/image#loading @ http://localhost:3000/_next/static/chunks/node_modules_next_dist_f3530cac._.js:2297
[   31782ms] [LOG] %c[Vercel Web Analytics]%c Debug mode is enabled by default in development. No requests will be sent to the server. color: rgb(120, 120, 120) color: inherit @ http://localhost:3000/_next/static/chunks/node_modules_next_dist_f3530cac._.js:2297
[   31782ms] [LOG] %c[Vercel Web Analytics]%c Running queued event color: rgb(120, 120, 120) color: inherit pageview {route: /blog, path: /blog} @ http://localhost:3000/_next/static/chunks/node_modules_next_dist_f3530cac._.js:2297
[   31783ms] [LOG] %c[Vercel Web Analytics]%c [view] http://localhost:3000/blog color: rgb(120, 120, 120) color: inherit {o: http://localhost:3000/blog, sv: 0.1.3, sdkn: @vercel/analytics/next, sdkv: 1.6.1, ts: 1783346789651} /_vercel/insights/view @ http://localhost:3000/_next/static/chunks/node_modules_next_dist_f3530cac._.js:2297
[   31783ms] [LOG] %c[Vercel Speed Insights]%c Debug mode is enabled by default in development. No requests will be sent to the server. color: rgb(120, 120, 120) color: inherit @ http://localhost:3000/_next/static/chunks/node_modules_next_dist_f3530cac._.js:2297
[   32539ms] [LOG] %c[Vercel Speed Insights]%c [vitals] color: rgb(120, 120, 120) color: inherit {speed: 4g, metrics: Array(4), scriptVersion: 0.1.3, sdkName: @vercel/speed-insights/next, sdkVersion: 2.0.0} /_vercel/speed-insights/vitals @ http://localhost:3000/_next/static/chunks/node_modules_next_dist_f3530cac._.js:2297
[   32555ms] [WARNING] Detected `scroll-behavior: smooth` on the `<html>` element. To disable smooth scrolling during route transitions, add `data-scroll-behavior="smooth"` to your <html> element. Learn more: https://nextjs.org/docs/messages/missing-data-scroll-behavior @ http://localhost:3000/_next/static/chunks/node_modules_next_dist_f3530cac._.js:2297
[   32572ms] [WARNING] [react-tooltip] Do not set `style.border`. Use `border` prop instead. @ http://localhost:3000/_next/static/chunks/node_modules_next_dist_f3530cac._.js:2297
[   32573ms] [WARNING] [react-tooltip] Do not set `style.border`. Use `border` prop instead. @ http://localhost:3000/_next/static/chunks/node_modules_next_dist_f3530cac._.js:2297
[   32573ms] [WARNING] [react-tooltip] Do not set `style.border`. Use `border` prop instead. @ http://localhost:3000/_next/static/chunks/node_modules_next_dist_f3530cac._.js:2297
[   32574ms] [WARNING] [react-tooltip] Do not set `style.border`. Use `border` prop instead. @ http://localhost:3000/_next/static/chunks/node_modules_next_dist_f3530cac._.js:2297
[   32574ms] [WARNING] [react-tooltip] Do not set `style.border`. Use `border` prop instead. @ http://localhost:3000/_next/static/chunks/node_modules_next_dist_f3530cac._.js:2297
[   32575ms] [WARNING] [react-tooltip] Do not set `style.border`. Use `border` prop instead. @ http://localhost:3000/_next/static/chunks/node_modules_next_dist_f3530cac._.js:2297
[   32605ms] [WARNING] [react-tooltip] Do not set `style.border`. Use `border` prop instead. @ http://localhost:3000/_next/static/chunks/node_modules_next_dist_f3530cac._.js:2297
[   32605ms] [WARNING] [react-tooltip] Do not set `style.border`. Use `border` prop instead. @ http://localhost:3000/_next/static/chunks/node_modules_next_dist_f3530cac._.js:2297
[   32606ms] [WARNING] [react-tooltip] Do not set `style.border`. Use `border` prop instead. @ http://localhost:3000/_next/static/chunks/node_modules_next_dist_f3530cac._.js:2297
[   32606ms] [WARNING] [react-tooltip] Do not set `style.border`. Use `border` prop instead. @ http://localhost:3000/_next/static/chunks/node_modules_next_dist_f3530cac._.js:2297
[   32606ms] [WARNING] [react-tooltip] Do not set `style.border`. Use `border` prop instead. @ http://localhost:3000/_next/static/chunks/node_modules_next_dist_f3530cac._.js:2297
[   32606ms] [WARNING] [react-tooltip] Do not set `style.border`. Use `border` prop instead. @ http://localhost:3000/_next/static/chunks/node_modules_next_dist_f3530cac._.js:2297
[   32610ms] [LOG] %c[Vercel Web Analytics]%c [view] http://localhost:3000/#experience color: rgb(120, 120, 120) color: inherit {o: http://localhost:3000/#experience, sv: 0.1.3, sdkn: @vercel/analytics/next, sdkv: 1.6.1, ts: 1783346790456} /_vercel/insights/view @ http://localhost:3000/_next/static/chunks/node_modules_next_dist_f3530cac._.js:2297
[   32612ms] [WARNING] Image with src "/_next/static/media/js.70b52c32.png" has "fill" but is missing "sizes" prop. Please add it to improve page performance. Read more: https://nextjs.org/docs/api-reference/next/image#sizes @ http://localhost:3000/_next/static/chunks/node_modules_next_dist_f3530cac._.js:2297
[   32612ms] [WARNING] Image with src "/_next/static/media/typescript.98e686f2.png" has "fill" but is missing "sizes" prop. Please add it to improve page performance. Read more: https://nextjs.org/docs/api-reference/next/image#sizes @ http://localhost:3000/_next/static/chunks/node_modules_next_dist_f3530cac._.js:2297
[   32612ms] [WARNING] Image with src "/_next/static/media/react.94e476b9.png" has "fill" but is missing "sizes" prop. Please add it to improve page performance. Read more: https://nextjs.org/docs/api-reference/next/image#sizes @ http://localhost:3000/_next/static/chunks/node_modules_next_dist_f3530cac._.js:2297
[   32612ms] [WARNING] Image with src "/_next/static/media/nextjs.f6f9c7b2.jpeg" has "fill" but is missing "sizes" prop. Please add it to improve page performance. Read more: https://nextjs.org/docs/api-reference/next/image#sizes @ http://localhost:3000/_next/static/chunks/node_modules_next_dist_f3530cac._.js:2297
[   32612ms] [WARNING] Image with src "/_next/static/media/tailwindcss.3dd9d549.jpeg" has "fill" but is missing "sizes" prop. Please add it to improve page performance. Read more: https://nextjs.org/docs/api-reference/next/image#sizes @ http://localhost:3000/_next/static/chunks/node_modules_next_dist_f3530cac._.js:2297
[   32612ms] [WARNING] Image with src "/_next/static/media/python.58a41c3f.png" has "fill" but is missing "sizes" prop. Please add it to improve page performance. Read more: https://nextjs.org/docs/api-reference/next/image#sizes @ http://localhost:3000/_next/static/chunks/node_modules_next_dist_f3530cac._.js:2297
[   32612ms] [WARNING] Image with src "/_next/static/media/nodejs.c2c5065d.png" has "fill" but is missing "sizes" prop. Please add it to improve page performance. Read more: https://nextjs.org/docs/api-reference/next/image#sizes @ http://localhost:3000/_next/static/chunks/node_modules_next_dist_f3530cac._.js:2297
[   32612ms] [WARNING] Image with src "/_next/static/media/neon.238e1ded.jpeg" has "fill" but is missing "sizes" prop. Please add it to improve page performance. Read more: https://nextjs.org/docs/api-reference/next/image#sizes @ http://localhost:3000/_next/static/chunks/node_modules_next_dist_f3530cac._.js:2297
[   32612ms] [WARNING] Image with src "/_next/static/media/docker.ac28fd10.jpeg" has "fill" but is missing "sizes" prop. Please add it to improve page performance. Read more: https://nextjs.org/docs/api-reference/next/image#sizes @ http://localhost:3000/_next/static/chunks/node_modules_next_dist_f3530cac._.js:2297
[   32612ms] [WARNING] Image with src "/_next/static/media/vercel.621c723c.png" has "fill" but is missing "sizes" prop. Please add it to improve page performance. Read more: https://nextjs.org/docs/api-reference/next/image#sizes @ http://localhost:3000/_next/static/chunks/node_modules_next_dist_f3530cac._.js:2297
[   32613ms] [WARNING] Image with src "/_next/static/media/github.c7b35360.png" has "fill" but is missing "sizes" prop. Please add it to improve page performance. Read more: https://nextjs.org/docs/api-reference/next/image#sizes @ http://localhost:3000/_next/static/chunks/node_modules_next_dist_f3530cac._.js:2297
[   32623ms] [WARNING] Image with src "/_next/static/media/n8n.33856778.png" has "fill" but is missing "sizes" prop. Please add it to improve page performance. Read more: https://nextjs.org/docs/api-reference/next/image#sizes @ http://localhost:3000/_next/static/chunks/node_modules_next_dist_f3530cac._.js:2297
[   32623ms] [WARNING] Image with src "/_next/static/media/stripe.ae0b4826.jpeg" has "fill" but is missing "sizes" prop. Please add it to improve page performance. Read more: https://nextjs.org/docs/api-reference/next/image#sizes @ http://localhost:3000/_next/static/chunks/node_modules_next_dist_f3530cac._.js:2297
[   32623ms] [WARNING] Image with src "/_next/static/media/cursor.953073c3.webp" has "fill" but is missing "sizes" prop. Please add it to improve page performance. Read more: https://nextjs.org/docs/api-reference/next/image#sizes @ http://localhost:3000/_next/static/chunks/node_modules_next_dist_f3530cac._.js:2297
[   32623ms] [WARNING] Image with src "https://pub-b5cc14cdfc9a459bbb6c1cc637db4ffa.r2.dev/images/288_1x_shots_so.png" has "fill" but is missing "sizes" prop. Please add it to improve page performance. Read more: https://nextjs.org/docs/api-reference/next/image#sizes @ http://localhost:3000/_next/static/chunks/node_modules_next_dist_f3530cac._.js:2297
[   32623ms] [WARNING] Image with src "https://pub-b5cc14cdfc9a459bbb6c1cc637db4ffa.r2.dev/images/main.png" has "fill" but is missing "sizes" prop. Please add it to improve page performance. Read more: https://nextjs.org/docs/api-reference/next/image#sizes @ http://localhost:3000/_next/static/chunks/node_modules_next_dist_f3530cac._.js:2297
[   32623ms] [WARNING] Image with src "https://pub-b5cc14cdfc9a459bbb6c1cc637db4ffa.r2.dev/images/Trace.png" has "fill" but is missing "sizes" prop. Please add it to improve page performance. Read more: https://nextjs.org/docs/api-reference/next/image#sizes @ http://localhost:3000/_next/static/chunks/node_modules_next_dist_f3530cac._.js:2297
[   32623ms] [WARNING] Image with src "https://pub-b5cc14cdfc9a459bbb6c1cc637db4ffa.r2.dev/images/crack.png" has "fill" but is missing "sizes" prop. Please add it to improve page performance. Read more: https://nextjs.org/docs/api-reference/next/image#sizes @ http://localhost:3000/_next/static/chunks/node_modules_next_dist_f3530cac._.js:2297
[   32623ms] [WARNING] Image with src "https://pub-b5cc14cdfc9a459bbb6c1cc637db4ffa.r2.dev/images/apple.png" has "fill" but is missing "sizes" prop. Please add it to improve page performance. Read more: https://nextjs.org/docs/api-reference/next/image#sizes @ http://localhost:3000/_next/static/chunks/node_modules_next_dist_f3530cac._.js:2297
[   32624ms] [WARNING] Image with src "https://ik.imagekit.io/ivyzquofk/Financio.png" has "fill" but is missing "sizes" prop. Please add it to improve page performance. Read more: https://nextjs.org/docs/api-reference/next/image#sizes @ http://localhost:3000/_next/static/chunks/node_modules_next_dist_f3530cac._.js:2297
[   32644ms] [WARNING] Image with src "/images/footer.png" has either width or height modified, but not the other. If you use CSS to change the size of your image, also include the styles 'width: "auto"' or 'height: "auto"' to maintain the aspect ratio. @ http://localhost:3000/_next/static/chunks/node_modules_next_dist_f3530cac._.js:2297
[   63937ms] [INFO] %cDownload the React DevTools for a better development experience: https://react.dev/link/react-devtools font-weight:bold @ http://localhost:3000/_next/static/chunks/node_modules_next_dist_f3530cac._.js:2297
[   63962ms] [LOG] [HMR] connected @ http://localhost:3000/_next/static/chunks/node_modules_next_dist_f3530cac._.js:2297
[   64131ms] [WARNING] [react-tooltip] Do not set `style.border`. Use `border` prop instead. @ http://localhost:3000/_next/static/chunks/node_modules_next_dist_f3530cac._.js:2297
[   64132ms] [WARNING] [react-tooltip] Do not set `style.border`. Use `border` prop instead. @ http://localhost:3000/_next/static/chunks/node_modules_next_dist_f3530cac._.js:2297
[   64132ms] [WARNING] [react-tooltip] Do not set `style.border`. Use `border` prop instead. @ http://localhost:3000/_next/static/chunks/node_modules_next_dist_f3530cac._.js:2297
[   64133ms] [WARNING] [react-tooltip] Do not set `style.border`. Use `border` prop instead. @ http://localhost:3000/_next/static/chunks/node_modules_next_dist_f3530cac._.js:2297
[   64133ms] [WARNING] [react-tooltip] Do not set `style.border`. Use `border` prop instead. @ http://localhost:3000/_next/static/chunks/node_modules_next_dist_f3530cac._.js:2297
[   64134ms] [WARNING] [react-tooltip] Do not set `style.border`. Use `border` prop instead. @ http://localhost:3000/_next/static/chunks/node_modules_next_dist_f3530cac._.js:2297
[   64163ms] [WARNING] [react-tooltip] Do not set `style.border`. Use `border` prop instead. @ http://localhost:3000/_next/static/chunks/node_modules_next_dist_f3530cac._.js:2297
[   64163ms] [WARNING] [react-tooltip] Do not set `style.border`. Use `border` prop instead. @ http://localhost:3000/_next/static/chunks/node_modules_next_dist_f3530cac._.js:2297
[   64163ms] [WARNING] [react-tooltip] Do not set `style.border`. Use `border` prop instead. @ http://localhost:3000/_next/static/chunks/node_modules_next_dist_f3530cac._.js:2297
[   64164ms] [WARNING] [react-tooltip] Do not set `style.border`. Use `border` prop instead. @ http://localhost:3000/_next/static/chunks/node_modules_next_dist_f3530cac._.js:2297
[   64164ms] [WARNING] [react-tooltip] Do not set `style.border`. Use `border` prop instead. @ http://localhost:3000/_next/static/chunks/node_modules_next_dist_f3530cac._.js:2297
[   64164ms] [WARNING] [react-tooltip] Do not set `style.border`. Use `border` prop instead. @ http://localhost:3000/_next/static/chunks/node_modules_next_dist_f3530cac._.js:2297
[   64169ms] [WARNING] Image with src "/_next/static/media/js.70b52c32.png" has "fill" but is missing "sizes" prop. Please add it to improve page performance. Read more: https://nextjs.org/docs/api-reference/next/image#sizes @ http://localhost:3000/_next/static/chunks/node_modules_next_dist_f3530cac._.js:2297
[   64170ms] [WARNING] Image with src "/_next/static/media/typescript.98e686f2.png" has "fill" but is missing "sizes" prop. Please add it to improve page performance. Read more: https://nextjs.org/docs/api-reference/next/image#sizes @ http://localhost:3000/_next/static/chunks/node_modules_next_dist_f3530cac._.js:2297
[   64170ms] [WARNING] Image with src "/_next/static/media/react.94e476b9.png" has "fill" but is missing "sizes" prop. Please add it to improve page performance. Read more: https://nextjs.org/docs/api-reference/next/image#sizes @ http://localhost:3000/_next/static/chunks/node_modules_next_dist_f3530cac._.js:2297
[   64175ms] [WARNING] Image with src "/_next/static/media/nextjs.f6f9c7b2.jpeg" has "fill" but is missing "sizes" prop. Please add it to improve page performance. Read more: https://nextjs.org/docs/api-reference/next/image#sizes @ http://localhost:3000/_next/static/chunks/node_modules_next_dist_f3530cac._.js:2297
[   64175ms] [WARNING] Image with src "/_next/static/media/tailwindcss.3dd9d549.jpeg" has "fill" but is missing "sizes" prop. Please add it to improve page performance. Read more: https://nextjs.org/docs/api-reference/next/image#sizes @ http://localhost:3000/_next/static/chunks/node_modules_next_dist_f3530cac._.js:2297
[   64175ms] [WARNING] Image with src "/_next/static/media/python.58a41c3f.png" has "fill" but is missing "sizes" prop. Please add it to improve page performance. Read more: https://nextjs.org/docs/api-reference/next/image#sizes @ http://localhost:3000/_next/static/chunks/node_modules_next_dist_f3530cac._.js:2297
[   64175ms] [WARNING] Image with src "/_next/static/media/nodejs.c2c5065d.png" has "fill" but is missing "sizes" prop. Please add it to improve page performance. Read more: https://nextjs.org/docs/api-reference/next/image#sizes @ http://localhost:3000/_next/static/chunks/node_modules_next_dist_f3530cac._.js:2297
[   64175ms] [WARNING] Image with src "/_next/static/media/neon.238e1ded.jpeg" has "fill" but is missing "sizes" prop. Please add it to improve page performance. Read more: https://nextjs.org/docs/api-reference/next/image#sizes @ http://localhost:3000/_next/static/chunks/node_modules_next_dist_f3530cac._.js:2297
[   64176ms] [WARNING] Image with src "/_next/static/media/docker.ac28fd10.jpeg" has "fill" but is missing "sizes" prop. Please add it to improve page performance. Read more: https://nextjs.org/docs/api-reference/next/image#sizes @ http://localhost:3000/_next/static/chunks/node_modules_next_dist_f3530cac._.js:2297
[   64176ms] [WARNING] Image with src "/_next/static/media/vercel.621c723c.png" has "fill" but is missing "sizes" prop. Please add it to improve page performance. Read more: https://nextjs.org/docs/api-reference/next/image#sizes @ http://localhost:3000/_next/static/chunks/node_modules_next_dist_f3530cac._.js:2297
[   64176ms] [WARNING] Image with src "/_next/static/media/github.c7b35360.png" has "fill" but is missing "sizes" prop. Please add it to improve page performance. Read more: https://nextjs.org/docs/api-reference/next/image#sizes @ http://localhost:3000/_next/static/chunks/node_modules_next_dist_f3530cac._.js:2297
[   64176ms] [WARNING] Image with src "/_next/static/media/n8n.33856778.png" has "fill" but is missing "sizes" prop. Please add it to improve page performance. Read more: https://nextjs.org/docs/api-reference/next/image#sizes @ http://localhost:3000/_next/static/chunks/node_modules_next_dist_f3530cac._.js:2297
[   64176ms] [WARNING] Image with src "/_next/static/media/stripe.ae0b4826.jpeg" has "fill" but is missing "sizes" prop. Please add it to improve page performance. Read more: https://nextjs.org/docs/api-reference/next/image#sizes @ http://localhost:3000/_next/static/chunks/node_modules_next_dist_f3530cac._.js:2297
[   64176ms] [WARNING] Image with src "/_next/static/media/cursor.953073c3.webp" has "fill" but is missing "sizes" prop. Please add it to improve page performance. Read more: https://nextjs.org/docs/api-reference/next/image#sizes @ http://localhost:3000/_next/static/chunks/node_modules_next_dist_f3530cac._.js:2297
[   64176ms] [WARNING] Image with src "https://pub-b5cc14cdfc9a459bbb6c1cc637db4ffa.r2.dev/images/288_1x_shots_so.png" has "fill" but is missing "sizes" prop. Please add it to improve page performance. Read more: https://nextjs.org/docs/api-reference/next/image#sizes @ http://localhost:3000/_next/static/chunks/node_modules_next_dist_f3530cac._.js:2297
[   64176ms] [WARNING] Image with src "https://pub-b5cc14cdfc9a459bbb6c1cc637db4ffa.r2.dev/images/main.png" has "fill" but is missing "sizes" prop. Please add it to improve page performance. Read more: https://nextjs.org/docs/api-reference/next/image#sizes @ http://localhost:3000/_next/static/chunks/node_modules_next_dist_f3530cac._.js:2297
[   64176ms] [WARNING] Image with src "https://pub-b5cc14cdfc9a459bbb6c1cc637db4ffa.r2.dev/images/Trace.png" has "fill" but is missing "sizes" prop. Please add it to improve page performance. Read more: https://nextjs.org/docs/api-reference/next/image#sizes @ http://localhost:3000/_next/static/chunks/node_modules_next_dist_f3530cac._.js:2297
[   64176ms] [WARNING] Image with src "https://pub-b5cc14cdfc9a459bbb6c1cc637db4ffa.r2.dev/images/crack.png" has "fill" but is missing "sizes" prop. Please add it to improve page performance. Read more: https://nextjs.org/docs/api-reference/next/image#sizes @ http://localhost:3000/_next/static/chunks/node_modules_next_dist_f3530cac._.js:2297
[   64176ms] [WARNING] Image with src "https://pub-b5cc14cdfc9a459bbb6c1cc637db4ffa.r2.dev/images/apple.png" has "fill" but is missing "sizes" prop. Please add it to improve page performance. Read more: https://nextjs.org/docs/api-reference/next/image#sizes @ http://localhost:3000/_next/static/chunks/node_modules_next_dist_f3530cac._.js:2297
[   64176ms] [WARNING] Image with src "https://ik.imagekit.io/ivyzquofk/Financio.png" has "fill" but is missing "sizes" prop. Please add it to improve page performance. Read more: https://nextjs.org/docs/api-reference/next/image#sizes @ http://localhost:3000/_next/static/chunks/node_modules_next_dist_f3530cac._.js:2297
[   64177ms] [WARNING] Image with src "/images/blog/blog4.jpg" has "fill" but is missing "sizes" prop. Please add it to improve page performance. Read more: https://nextjs.org/docs/api-reference/next/image#sizes @ http://localhost:3000/_next/static/chunks/node_modules_next_dist_f3530cac._.js:2297
[   64177ms] [WARNING] Image with src "/images/blog/blog3.jpg" has "fill" but is missing "sizes" prop. Please add it to improve page performance. Read more: https://nextjs.org/docs/api-reference/next/image#sizes @ http://localhost:3000/_next/static/chunks/node_modules_next_dist_f3530cac._.js:2297
[   64177ms] [WARNING] Image with src "/images/blog/blog2.jpg" has "fill" but is missing "sizes" prop. Please add it to improve page performance. Read more: https://nextjs.org/docs/api-reference/next/image#sizes @ http://localhost:3000/_next/static/chunks/node_modules_next_dist_f3530cac._.js:2297
[   64177ms] [WARNING] Image with src "/images/blog/blog1.jpg" has "fill" but is missing "sizes" prop. Please add it to improve page performance. Read more: https://nextjs.org/docs/api-reference/next/image#sizes @ http://localhost:3000/_next/static/chunks/node_modules_next_dist_f3530cac._.js:2297
[   64195ms] [WARNING] Image with src "/images/footer.png" has either width or height modified, but not the other. If you use CSS to change the size of your image, also include the styles 'width: "auto"' or 'height: "auto"' to maintain the aspect ratio. @ http://localhost:3000/_next/static/chunks/node_modules_next_dist_f3530cac._.js:2297
[   64478ms] [LOG] %c[Vercel Web Analytics]%c Debug mode is enabled by default in development. No requests will be sent to the server. color: rgb(120, 120, 120) color: inherit @ http://localhost:3000/_next/static/chunks/node_modules_next_dist_f3530cac._.js:2297
[   64478ms] [LOG] %c[Vercel Web Analytics]%c Running queued event color: rgb(120, 120, 120) color: inherit pageview {route: /, path: /} @ http://localhost:3000/_next/static/chunks/node_modules_next_dist_f3530cac._.js:2297
[   64479ms] [LOG] %c[Vercel Web Analytics]%c [view] http://localhost:3000/ color: rgb(120, 120, 120) color: inherit {o: http://localhost:3000/, sv: 0.1.3, sdkn: @vercel/analytics/next, sdkv: 1.6.1, ts: 1783346822347} /_vercel/insights/view @ http://localhost:3000/_next/static/chunks/node_modules_next_dist_f3530cac._.js:2297
[   64479ms] [LOG] %c[Vercel Speed Insights]%c Debug mode is enabled by default in development. No requests will be sent to the server. color: rgb(120, 120, 120) color: inherit @ http://localhost:3000/_next/static/chunks/node_modules_next_dist_f3530cac._.js:2297
[   71663ms] [INFO] %cDownload the React DevTools for a better development experience: https://react.dev/link/react-devtools font-weight:bold @ http://localhost:3000/_next/static/chunks/node_modules_next_dist_f3530cac._.js:2297
[   71680ms] [LOG] [HMR] connected @ http://localhost:3000/_next/static/chunks/node_modules_next_dist_f3530cac._.js:2297
[   71850ms] [WARNING] [react-tooltip] Do not set `style.border`. Use `border` prop instead. @ http://localhost:3000/_next/static/chunks/node_modules_next_dist_f3530cac._.js:2297
[   71851ms] [WARNING] [react-tooltip] Do not set `style.border`. Use `border` prop instead. @ http://localhost:3000/_next/static/chunks/node_modules_next_dist_f3530cac._.js:2297
[   71851ms] [WARNING] [react-tooltip] Do not set `style.border`. Use `border` prop instead. @ http://localhost:3000/_next/static/chunks/node_modules_next_dist_f3530cac._.js:2297
[   71852ms] [WARNING] [react-tooltip] Do not set `style.border`. Use `border` prop instead. @ http://localhost:3000/_next/static/chunks/node_modules_next_dist_f3530cac._.js:2297
[   71852ms] [WARNING] [react-tooltip] Do not set `style.border`. Use `border` prop instead. @ http://localhost:3000/_next/static/chunks/node_modules_next_dist_f3530cac._.js:2297
[   71853ms] [WARNING] [react-tooltip] Do not set `style.border`. Use `border` prop instead. @ http://localhost:3000/_next/static/chunks/node_modules_next_dist_f3530cac._.js:2297
[   71881ms] [WARNING] [react-tooltip] Do not set `style.border`. Use `border` prop instead. @ http://localhost:3000/_next/static/chunks/node_modules_next_dist_f3530cac._.js:2297
[   71882ms] [WARNING] [react-tooltip] Do not set `style.border`. Use `border` prop instead. @ http://localhost:3000/_next/static/chunks/node_modules_next_dist_f3530cac._.js:2297
[   71882ms] [WARNING] [react-tooltip] Do not set `style.border`. Use `border` prop instead. @ http://localhost:3000/_next/static/chunks/node_modules_next_dist_f3530cac._.js:2297
[   71882ms] [WARNING] [react-tooltip] Do not set `style.border`. Use `border` prop instead. @ http://localhost:3000/_next/static/chunks/node_modules_next_dist_f3530cac._.js:2297
[   71883ms] [WARNING] [react-tooltip] Do not set `style.border`. Use `border` prop instead. @ http://localhost:3000/_next/static/chunks/node_modules_next_dist_f3530cac._.js:2297
[   71883ms] [WARNING] [react-tooltip] Do not set `style.border`. Use `border` prop instead. @ http://localhost:3000/_next/static/chunks/node_modules_next_dist_f3530cac._.js:2297
[   71888ms] [WARNING] Image with src "/_next/static/media/js.70b52c32.png" has "fill" but is missing "sizes" prop. Please add it to improve page performance. Read more: https://nextjs.org/docs/api-reference/next/image#sizes @ http://localhost:3000/_next/static/chunks/node_modules_next_dist_f3530cac._.js:2297
[   71888ms] [WARNING] Image with src "/_next/static/media/typescript.98e686f2.png" has "fill" but is missing "sizes" prop. Please add it to improve page performance. Read more: https://nextjs.org/docs/api-reference/next/image#sizes @ http://localhost:3000/_next/static/chunks/node_modules_next_dist_f3530cac._.js:2297
[   71888ms] [WARNING] Image with src "/_next/static/media/react.94e476b9.png" has "fill" but is missing "sizes" prop. Please add it to improve page performance. Read more: https://nextjs.org/docs/api-reference/next/image#sizes @ http://localhost:3000/_next/static/chunks/node_modules_next_dist_f3530cac._.js:2297
[   71888ms] [WARNING] Image with src "/_next/static/media/nextjs.f6f9c7b2.jpeg" has "fill" but is missing "sizes" prop. Please add it to improve page performance. Read more: https://nextjs.org/docs/api-reference/next/image#sizes @ http://localhost:3000/_next/static/chunks/node_modules_next_dist_f3530cac._.js:2297
[   71888ms] [WARNING] Image with src "/_next/static/media/tailwindcss.3dd9d549.jpeg" has "fill" but is missing "sizes" prop. Please add it to improve page performance. Read more: https://nextjs.org/docs/api-reference/next/image#sizes @ http://localhost:3000/_next/static/chunks/node_modules_next_dist_f3530cac._.js:2297
[   71888ms] [WARNING] Image with src "/_next/static/media/python.58a41c3f.png" has "fill" but is missing "sizes" prop. Please add it to improve page performance. Read more: https://nextjs.org/docs/api-reference/next/image#sizes @ http://localhost:3000/_next/static/chunks/node_modules_next_dist_f3530cac._.js:2297
[   71895ms] [WARNING] Image with src "/_next/static/media/nodejs.c2c5065d.png" has "fill" but is missing "sizes" prop. Please add it to improve page performance. Read more: https://nextjs.org/docs/api-reference/next/image#sizes @ http://localhost:3000/_next/static/chunks/node_modules_next_dist_f3530cac._.js:2297
[   71895ms] [WARNING] Image with src "/_next/static/media/neon.238e1ded.jpeg" has "fill" but is missing "sizes" prop. Please add it to improve page performance. Read more: https://nextjs.org/docs/api-reference/next/image#sizes @ http://localhost:3000/_next/static/chunks/node_modules_next_dist_f3530cac._.js:2297
[   71895ms] [WARNING] Image with src "/_next/static/media/docker.ac28fd10.jpeg" has "fill" but is missing "sizes" prop. Please add it to improve page performance. Read more: https://nextjs.org/docs/api-reference/next/image#sizes @ http://localhost:3000/_next/static/chunks/node_modules_next_dist_f3530cac._.js:2297
[   71895ms] [WARNING] Image with src "/_next/static/media/vercel.621c723c.png" has "fill" but is missing "sizes" prop. Please add it to improve page performance. Read more: https://nextjs.org/docs/api-reference/next/image#sizes @ http://localhost:3000/_next/static/chunks/node_modules_next_dist_f3530cac._.js:2297
[   71895ms] [WARNING] Image with src "/_next/static/media/github.c7b35360.png" has "fill" but is missing "sizes" prop. Please add it to improve page performance. Read more: https://nextjs.org/docs/api-reference/next/image#sizes @ http://localhost:3000/_next/static/chunks/node_modules_next_dist_f3530cac._.js:2297
[   71895ms] [WARNING] Image with src "/_next/static/media/n8n.33856778.png" has "fill" but is missing "sizes" prop. Please add it to improve page performance. Read more: https://nextjs.org/docs/api-reference/next/image#sizes @ http://localhost:3000/_next/static/chunks/node_modules_next_dist_f3530cac._.js:2297
[   71895ms] [WARNING] Image with src "/_next/static/media/stripe.ae0b4826.jpeg" has "fill" but is missing "sizes" prop. Please add it to improve page performance. Read more: https://nextjs.org/docs/api-reference/next/image#sizes @ http://localhost:3000/_next/static/chunks/node_modules_next_dist_f3530cac._.js:2297
[   71895ms] [WARNING] Image with src "/_next/static/media/cursor.953073c3.webp" has "fill" but is missing "sizes" prop. Please add it to improve page performance. Read more: https://nextjs.org/docs/api-reference/next/image#sizes @ http://localhost:3000/_next/static/chunks/node_modules_next_dist_f3530cac._.js:2297
[   71896ms] [WARNING] Image with src "https://pub-b5cc14cdfc9a459bbb6c1cc637db4ffa.r2.dev/images/288_1x_shots_so.png" has "fill" but is missing "sizes" prop. Please add it to improve page performance. Read more: https://nextjs.org/docs/api-reference/next/image#sizes @ http://localhost:3000/_next/static/chunks/node_modules_next_dist_f3530cac._.js:2297
[   71896ms] [WARNING] Image with src "https://pub-b5cc14cdfc9a459bbb6c1cc637db4ffa.r2.dev/images/main.png" has "fill" but is missing "sizes" prop. Please add it to improve page performance. Read more: https://nextjs.org/docs/api-reference/next/image#sizes @ http://localhost:3000/_next/static/chunks/node_modules_next_dist_f3530cac._.js:2297
[   71896ms] [WARNING] Image with src "https://pub-b5cc14cdfc9a459bbb6c1cc637db4ffa.r2.dev/images/Trace.png" has "fill" but is missing "sizes" prop. Please add it to improve page performance. Read more: https://nextjs.org/docs/api-reference/next/image#sizes @ http://localhost:3000/_next/static/chunks/node_modules_next_dist_f3530cac._.js:2297
[   71896ms] [WARNING] Image with src "https://pub-b5cc14cdfc9a459bbb6c1cc637db4ffa.r2.dev/images/crack.png" has "fill" but is missing "sizes" prop. Please add it to improve page performance. Read more: https://nextjs.org/docs/api-reference/next/image#sizes @ http://localhost:3000/_next/static/chunks/node_modules_next_dist_f3530cac._.js:2297
[   71896ms] [WARNING] Image with src "https://pub-b5cc14cdfc9a459bbb6c1cc637db4ffa.r2.dev/images/apple.png" has "fill" but is missing "sizes" prop. Please add it to improve page performance. Read more: https://nextjs.org/docs/api-reference/next/image#sizes @ http://localhost:3000/_next/static/chunks/node_modules_next_dist_f3530cac._.js:2297
[   71896ms] [WARNING] Image with src "https://ik.imagekit.io/ivyzquofk/Financio.png" has "fill" but is missing "sizes" prop. Please add it to improve page performance. Read more: https://nextjs.org/docs/api-reference/next/image#sizes @ http://localhost:3000/_next/static/chunks/node_modules_next_dist_f3530cac._.js:2297
[   71897ms] [WARNING] Image with src "/images/blog/blog4.jpg" has "fill" but is missing "sizes" prop. Please add it to improve page performance. Read more: https://nextjs.org/docs/api-reference/next/image#sizes @ http://localhost:3000/_next/static/chunks/node_modules_next_dist_f3530cac._.js:2297
[   71897ms] [WARNING] Image with src "/images/blog/blog3.jpg" has "fill" but is missing "sizes" prop. Please add it to improve page performance. Read more: https://nextjs.org/docs/api-reference/next/image#sizes @ http://localhost:3000/_next/static/chunks/node_modules_next_dist_f3530cac._.js:2297
[   71897ms] [WARNING] Image with src "/images/blog/blog2.jpg" has "fill" but is missing "sizes" prop. Please add it to improve page performance. Read more: https://nextjs.org/docs/api-reference/next/image#sizes @ http://localhost:3000/_next/static/chunks/node_modules_next_dist_f3530cac._.js:2297
[   71897ms] [WARNING] Image with src "/images/blog/blog1.jpg" has "fill" but is missing "sizes" prop. Please add it to improve page performance. Read more: https://nextjs.org/docs/api-reference/next/image#sizes @ http://localhost:3000/_next/static/chunks/node_modules_next_dist_f3530cac._.js:2297
[   71915ms] [WARNING] Image with src "/images/footer.png" has either width or height modified, but not the other. If you use CSS to change the size of your image, also include the styles 'width: "auto"' or 'height: "auto"' to maintain the aspect ratio. @ http://localhost:3000/_next/static/chunks/node_modules_next_dist_f3530cac._.js:2297
[   72167ms] [LOG] %c[Vercel Web Analytics]%c Debug mode is enabled by default in development. No requests will be sent to the server. color: rgb(120, 120, 120) color: inherit @ http://localhost:3000/_next/static/chunks/node_modules_next_dist_f3530cac._.js:2297
[   72167ms] [LOG] %c[Vercel Web Analytics]%c Running queued event color: rgb(120, 120, 120) color: inherit pageview {route: /, path: /} @ http://localhost:3000/_next/static/chunks/node_modules_next_dist_f3530cac._.js:2297
[   72167ms] [LOG] %c[Vercel Web Analytics]%c [view] http://localhost:3000/ color: rgb(120, 120, 120) color: inherit {o: http://localhost:3000/, sv: 0.1.3, sdkn: @vercel/analytics/next, sdkv: 1.6.1, ts: 1783346830035} /_vercel/insights/view @ http://localhost:3000/_next/static/chunks/node_modules_next_dist_f3530cac._.js:2297
[   72167ms] [LOG] %c[Vercel Speed Insights]%c Debug mode is enabled by default in development. No requests will be sent to the server. color: rgb(120, 120, 120) color: inherit @ http://localhost:3000/_next/static/chunks/node_modules_next_dist_f3530cac._.js:2297
[   87359ms] [INFO] %cDownload the React DevTools for a better development experience: https://react.dev/link/react-devtools font-weight:bold @ http://localhost:3000/_next/static/chunks/node_modules_next_dist_f3530cac._.js:2297
[   87376ms] [LOG] [HMR] connected @ http://localhost:3000/_next/static/chunks/node_modules_next_dist_f3530cac._.js:2297
[   87566ms] [WARNING] [react-tooltip] Do not set `style.border`. Use `border` prop instead. @ http://localhost:3000/_next/static/chunks/node_modules_next_dist_f3530cac._.js:2297
[   87566ms] [WARNING] [react-tooltip] Do not set `style.border`. Use `border` prop instead. @ http://localhost:3000/_next/static/chunks/node_modules_next_dist_f3530cac._.js:2297
[   87567ms] [WARNING] [react-tooltip] Do not set `style.border`. Use `border` prop instead. @ http://localhost:3000/_next/static/chunks/node_modules_next_dist_f3530cac._.js:2297
[   87568ms] [WARNING] [react-tooltip] Do not set `style.border`. Use `border` prop instead. @ http://localhost:3000/_next/static/chunks/node_modules_next_dist_f3530cac._.js:2297
[   87568ms] [WARNING] [react-tooltip] Do not set `style.border`. Use `border` prop instead. @ http://localhost:3000/_next/static/chunks/node_modules_next_dist_f3530cac._.js:2297
[   87569ms] [WARNING] [react-tooltip] Do not set `style.border`. Use `border` prop instead. @ http://localhost:3000/_next/static/chunks/node_modules_next_dist_f3530cac._.js:2297
[   87605ms] [WARNING] [react-tooltip] Do not set `style.border`. Use `border` prop instead. @ http://localhost:3000/_next/static/chunks/node_modules_next_dist_f3530cac._.js:2297
[   87606ms] [WARNING] [react-tooltip] Do not set `style.border`. Use `border` prop instead. @ http://localhost:3000/_next/static/chunks/node_modules_next_dist_f3530cac._.js:2297
[   87606ms] [WARNING] [react-tooltip] Do not set `style.border`. Use `border` prop instead. @ http://localhost:3000/_next/static/chunks/node_modules_next_dist_f3530cac._.js:2297
[   87607ms] [WARNING] [react-tooltip] Do not set `style.border`. Use `border` prop instead. @ http://localhost:3000/_next/static/chunks/node_modules_next_dist_f3530cac._.js:2297
[   87607ms] [WARNING] [react-tooltip] Do not set `style.border`. Use `border` prop instead. @ http://localhost:3000/_next/static/chunks/node_modules_next_dist_f3530cac._.js:2297
[   87608ms] [WARNING] [react-tooltip] Do not set `style.border`. Use `border` prop instead. @ http://localhost:3000/_next/static/chunks/node_modules_next_dist_f3530cac._.js:2297
[   87614ms] [WARNING] Image with src "/_next/static/media/js.70b52c32.png" has "fill" but is missing "sizes" prop. Please add it to improve page performance. Read more: https://nextjs.org/docs/api-reference/next/image#sizes @ http://localhost:3000/_next/static/chunks/node_modules_next_dist_f3530cac._.js:2297
[   87614ms] [WARNING] Image with src "/_next/static/media/typescript.98e686f2.png" has "fill" but is missing "sizes" prop. Please add it to improve page performance. Read more: https://nextjs.org/docs/api-reference/next/image#sizes @ http://localhost:3000/_next/static/chunks/node_modules_next_dist_f3530cac._.js:2297
[   87614ms] [WARNING] Image with src "/_next/static/media/react.94e476b9.png" has "fill" but is missing "sizes" prop. Please add it to improve page performance. Read more: https://nextjs.org/docs/api-reference/next/image#sizes @ http://localhost:3000/_next/static/chunks/node_modules_next_dist_f3530cac._.js:2297
[   87614ms] [WARNING] Image with src "/_next/static/media/nextjs.f6f9c7b2.jpeg" has "fill" but is missing "sizes" prop. Please add it to improve page performance. Read more: https://nextjs.org/docs/api-reference/next/image#sizes @ http://localhost:3000/_next/static/chunks/node_modules_next_dist_f3530cac._.js:2297
[   87614ms] [WARNING] Image with src "/_next/static/media/tailwindcss.3dd9d549.jpeg" has "fill" but is missing "sizes" prop. Please add it to improve page performance. Read more: https://nextjs.org/docs/api-reference/next/image#sizes @ http://localhost:3000/_next/static/chunks/node_modules_next_dist_f3530cac._.js:2297
[   87623ms] [WARNING] Image with src "/_next/static/media/python.58a41c3f.png" has "fill" but is missing "sizes" prop. Please add it to improve page performance. Read more: https://nextjs.org/docs/api-reference/next/image#sizes @ http://localhost:3000/_next/static/chunks/node_modules_next_dist_f3530cac._.js:2297
[   87623ms] [WARNING] Image with src "/_next/static/media/nodejs.c2c5065d.png" has "fill" but is missing "sizes" prop. Please add it to improve page performance. Read more: https://nextjs.org/docs/api-reference/next/image#sizes @ http://localhost:3000/_next/static/chunks/node_modules_next_dist_f3530cac._.js:2297
[   87623ms] [WARNING] Image with src "/_next/static/media/neon.238e1ded.jpeg" has "fill" but is missing "sizes" prop. Please add it to improve page performance. Read more: https://nextjs.org/docs/api-reference/next/image#sizes @ http://localhost:3000/_next/static/chunks/node_modules_next_dist_f3530cac._.js:2297
[   87623ms] [WARNING] Image with src "/_next/static/media/docker.ac28fd10.jpeg" has "fill" but is missing "sizes" prop. Please add it to improve page performance. Read more: https://nextjs.org/docs/api-reference/next/image#sizes @ http://localhost:3000/_next/static/chunks/node_modules_next_dist_f3530cac._.js:2297
[   87623ms] [WARNING] Image with src "/_next/static/media/vercel.621c723c.png" has "fill" but is missing "sizes" prop. Please add it to improve page performance. Read more: https://nextjs.org/docs/api-reference/next/image#sizes @ http://localhost:3000/_next/static/chunks/node_modules_next_dist_f3530cac._.js:2297
[   87623ms] [WARNING] Image with src "/_next/static/media/github.c7b35360.png" has "fill" but is missing "sizes" prop. Please add it to improve page performance. Read more: https://nextjs.org/docs/api-reference/next/image#sizes @ http://localhost:3000/_next/static/chunks/node_modules_next_dist_f3530cac._.js:2297
[   87623ms] [WARNING] Image with src "/_next/static/media/n8n.33856778.png" has "fill" but is missing "sizes" prop. Please add it to improve page performance. Read more: https://nextjs.org/docs/api-reference/next/image#sizes @ http://localhost:3000/_next/static/chunks/node_modules_next_dist_f3530cac._.js:2297
[   87623ms] [WARNING] Image with src "/_next/static/media/stripe.ae0b4826.jpeg" has "fill" but is missing "sizes" prop. Please add it to improve page performance. Read more: https://nextjs.org/docs/api-reference/next/image#sizes @ http://localhost:3000/_next/static/chunks/node_modules_next_dist_f3530cac._.js:2297
[   87623ms] [WARNING] Image with src "/_next/static/media/cursor.953073c3.webp" has "fill" but is missing "sizes" prop. Please add it to improve page performance. Read more: https://nextjs.org/docs/api-reference/next/image#sizes @ http://localhost:3000/_next/static/chunks/node_modules_next_dist_f3530cac._.js:2297
[   87624ms] [WARNING] Image with src "https://pub-b5cc14cdfc9a459bbb6c1cc637db4ffa.r2.dev/images/288_1x_shots_so.png" has "fill" but is missing "sizes" prop. Please add it to improve page performance. Read more: https://nextjs.org/docs/api-reference/next/image#sizes @ http://localhost:3000/_next/static/chunks/node_modules_next_dist_f3530cac._.js:2297
[   87624ms] [WARNING] Image with src "https://pub-b5cc14cdfc9a459bbb6c1cc637db4ffa.r2.dev/images/main.png" has "fill" but is missing "sizes" prop. Please add it to improve page performance. Read more: https://nextjs.org/docs/api-reference/next/image#sizes @ http://localhost:3000/_next/static/chunks/node_modules_next_dist_f3530cac._.js:2297
[   87624ms] [WARNING] Image with src "https://pub-b5cc14cdfc9a459bbb6c1cc637db4ffa.r2.dev/images/Trace.png" has "fill" but is missing "sizes" prop. Please add it to improve page performance. Read more: https://nextjs.org/docs/api-reference/next/image#sizes @ http://localhost:3000/_next/static/chunks/node_modules_next_dist_f3530cac._.js:2297
[   87624ms] [WARNING] Image with src "https://pub-b5cc14cdfc9a459bbb6c1cc637db4ffa.r2.dev/images/crack.png" has "fill" but is missing "sizes" prop. Please add it to improve page performance. Read more: https://nextjs.org/docs/api-reference/next/image#sizes @ http://localhost:3000/_next/static/chunks/node_modules_next_dist_f3530cac._.js:2297
[   87624ms] [WARNING] Image with src "https://pub-b5cc14cdfc9a459bbb6c1cc637db4ffa.r2.dev/images/apple.png" has "fill" but is missing "sizes" prop. Please add it to improve page performance. Read more: https://nextjs.org/docs/api-reference/next/image#sizes @ http://localhost:3000/_next/static/chunks/node_modules_next_dist_f3530cac._.js:2297
[   87624ms] [WARNING] Image with src "https://ik.imagekit.io/ivyzquofk/Financio.png" has "fill" but is missing "sizes" prop. Please add it to improve page performance. Read more: https://nextjs.org/docs/api-reference/next/image#sizes @ http://localhost:3000/_next/static/chunks/node_modules_next_dist_f3530cac._.js:2297
[   87625ms] [WARNING] Image with src "/images/blog/blog4.jpg" has "fill" but is missing "sizes" prop. Please add it to improve page performance. Read more: https://nextjs.org/docs/api-reference/next/image#sizes @ http://localhost:3000/_next/static/chunks/node_modules_next_dist_f3530cac._.js:2297
[   87625ms] [WARNING] Image with src "/images/blog/blog3.jpg" has "fill" but is missing "sizes" prop. Please add it to improve page performance. Read more: https://nextjs.org/docs/api-reference/next/image#sizes @ http://localhost:3000/_next/static/chunks/node_modules_next_dist_f3530cac._.js:2297
[   87625ms] [WARNING] Image with src "/images/blog/blog2.jpg" has "fill" but is missing "sizes" prop. Please add it to improve page performance. Read more: https://nextjs.org/docs/api-reference/next/image#sizes @ http://localhost:3000/_next/static/chunks/node_modules_next_dist_f3530cac._.js:2297
[   87625ms] [WARNING] Image with src "/images/blog/blog1.jpg" has "fill" but is missing "sizes" prop. Please add it to improve page performance. Read more: https://nextjs.org/docs/api-reference/next/image#sizes @ http://localhost:3000/_next/static/chunks/node_modules_next_dist_f3530cac._.js:2297
[   87649ms] [WARNING] Image with src "/images/footer.png" has either width or height modified, but not the other. If you use CSS to change the size of your image, also include the styles 'width: "auto"' or 'height: "auto"' to maintain the aspect ratio. @ http://localhost:3000/_next/static/chunks/node_modules_next_dist_f3530cac._.js:2297
[   87870ms] [LOG] %c[Vercel Web Analytics]%c Debug mode is enabled by default in development. No requests will be sent to the server. color: rgb(120, 120, 120) color: inherit @ http://localhost:3000/_next/static/chunks/node_modules_next_dist_f3530cac._.js:2297
[   87870ms] [LOG] %c[Vercel Web Analytics]%c Running queued event color: rgb(120, 120, 120) color: inherit pageview {route: /, path: /} @ http://localhost:3000/_next/static/chunks/node_modules_next_dist_f3530cac._.js:2297
[   87871ms] [LOG] %c[Vercel Web Analytics]%c [view] http://localhost:3000/ color: rgb(120, 120, 120) color: inherit {o: http://localhost:3000/, sv: 0.1.3, sdkn: @vercel/analytics/next, sdkv: 1.6.1, ts: 1783346845739} /_vercel/insights/view @ http://localhost:3000/_next/static/chunks/node_modules_next_dist_f3530cac._.js:2297
[   87871ms] [LOG] %c[Vercel Speed Insights]%c Debug mode is enabled by default in development. No requests will be sent to the server. color: rgb(120, 120, 120) color: inherit @ http://localhost:3000/_next/static/chunks/node_modules_next_dist_f3530cac._.js:2297
[   95466ms] [INFO] %cDownload the React DevTools for a better development experience: https://react.dev/link/react-devtools font-weight:bold @ http://localhost:3000/_next/static/chunks/node_modules_next_dist_f3530cac._.js:2297
[   95483ms] [LOG] [HMR] connected @ http://localhost:3000/_next/static/chunks/node_modules_next_dist_f3530cac._.js:2297
[   95663ms] [WARNING] [react-tooltip] Do not set `style.border`. Use `border` prop instead. @ http://localhost:3000/_next/static/chunks/node_modules_next_dist_f3530cac._.js:2297
[   95665ms] [WARNING] [react-tooltip] Do not set `style.border`. Use `border` prop instead. @ http://localhost:3000/_next/static/chunks/node_modules_next_dist_f3530cac._.js:2297
[   95666ms] [WARNING] [react-tooltip] Do not set `style.border`. Use `border` prop instead. @ http://localhost:3000/_next/static/chunks/node_modules_next_dist_f3530cac._.js:2297
[   95667ms] [WARNING] [react-tooltip] Do not set `style.border`. Use `border` prop instead. @ http://localhost:3000/_next/static/chunks/node_modules_next_dist_f3530cac._.js:2297
[   95667ms] [WARNING] [react-tooltip] Do not set `style.border`. Use `border` prop instead. @ http://localhost:3000/_next/static/chunks/node_modules_next_dist_f3530cac._.js:2297
[   95668ms] [WARNING] [react-tooltip] Do not set `style.border`. Use `border` prop instead. @ http://localhost:3000/_next/static/chunks/node_modules_next_dist_f3530cac._.js:2297
[   95700ms] [WARNING] [react-tooltip] Do not set `style.border`. Use `border` prop instead. @ http://localhost:3000/_next/static/chunks/node_modules_next_dist_f3530cac._.js:2297
[   95701ms] [WARNING] [react-tooltip] Do not set `style.border`. Use `border` prop instead. @ http://localhost:3000/_next/static/chunks/node_modules_next_dist_f3530cac._.js:2297
[   95702ms] [WARNING] [react-tooltip] Do not set `style.border`. Use `border` prop instead. @ http://localhost:3000/_next/static/chunks/node_modules_next_dist_f3530cac._.js:2297
[   95702ms] [WARNING] [react-tooltip] Do not set `style.border`. Use `border` prop instead. @ http://localhost:3000/_next/static/chunks/node_modules_next_dist_f3530cac._.js:2297
[   95702ms] [WARNING] [react-tooltip] Do not set `style.border`. Use `border` prop instead. @ http://localhost:3000/_next/static/chunks/node_modules_next_dist_f3530cac._.js:2297
[   95703ms] [WARNING] [react-tooltip] Do not set `style.border`. Use `border` prop instead. @ http://localhost:3000/_next/static/chunks/node_modules_next_dist_f3530cac._.js:2297
[   95709ms] [WARNING] Image with src "/_next/static/media/js.70b52c32.png" has "fill" but is missing "sizes" prop. Please add it to improve page performance. Read more: https://nextjs.org/docs/api-reference/next/image#sizes @ http://localhost:3000/_next/static/chunks/node_modules_next_dist_f3530cac._.js:2297
[   95709ms] [WARNING] Image with src "/_next/static/media/typescript.98e686f2.png" has "fill" but is missing "sizes" prop. Please add it to improve page performance. Read more: https://nextjs.org/docs/api-reference/next/image#sizes @ http://localhost:3000/_next/static/chunks/node_modules_next_dist_f3530cac._.js:2297
[   95709ms] [WARNING] Image with src "/_next/static/media/react.94e476b9.png" has "fill" but is missing "sizes" prop. Please add it to improve page performance. Read more: https://nextjs.org/docs/api-reference/next/image#sizes @ http://localhost:3000/_next/static/chunks/node_modules_next_dist_f3530cac._.js:2297
[   95709ms] [WARNING] Image with src "/_next/static/media/nextjs.f6f9c7b2.jpeg" has "fill" but is missing "sizes" prop. Please add it to improve page performance. Read more: https://nextjs.org/docs/api-reference/next/image#sizes @ http://localhost:3000/_next/static/chunks/node_modules_next_dist_f3530cac._.js:2297
[   95709ms] [WARNING] Image with src "/_next/static/media/tailwindcss.3dd9d549.jpeg" has "fill" but is missing "sizes" prop. Please add it to improve page performance. Read more: https://nextjs.org/docs/api-reference/next/image#sizes @ http://localhost:3000/_next/static/chunks/node_modules_next_dist_f3530cac._.js:2297
[   95709ms] [WARNING] Image with src "/_next/static/media/python.58a41c3f.png" has "fill" but is missing "sizes" prop. Please add it to improve page performance. Read more: https://nextjs.org/docs/api-reference/next/image#sizes @ http://localhost:3000/_next/static/chunks/node_modules_next_dist_f3530cac._.js:2297
[   95716ms] [WARNING] Image with src "/_next/static/media/nodejs.c2c5065d.png" has "fill" but is missing "sizes" prop. Please add it to improve page performance. Read more: https://nextjs.org/docs/api-reference/next/image#sizes @ http://localhost:3000/_next/static/chunks/node_modules_next_dist_f3530cac._.js:2297
[   95716ms] [WARNING] Image with src "/_next/static/media/neon.238e1ded.jpeg" has "fill" but is missing "sizes" prop. Please add it to improve page performance. Read more: https://nextjs.org/docs/api-reference/next/image#sizes @ http://localhost:3000/_next/static/chunks/node_modules_next_dist_f3530cac._.js:2297
[   95716ms] [WARNING] Image with src "/_next/static/media/docker.ac28fd10.jpeg" has "fill" but is missing "sizes" prop. Please add it to improve page performance. Read more: https://nextjs.org/docs/api-reference/next/image#sizes @ http://localhost:3000/_next/static/chunks/node_modules_next_dist_f3530cac._.js:2297
[   95716ms] [WARNING] Image with src "/_next/static/media/vercel.621c723c.png" has "fill" but is missing "sizes" prop. Please add it to improve page performance. Read more: https://nextjs.org/docs/api-reference/next/image#sizes @ http://localhost:3000/_next/static/chunks/node_modules_next_dist_f3530cac._.js:2297
[   95717ms] [WARNING] Image with src "/_next/static/media/github.c7b35360.png" has "fill" but is missing "sizes" prop. Please add it to improve page performance. Read more: https://nextjs.org/docs/api-reference/next/image#sizes @ http://localhost:3000/_next/static/chunks/node_modules_next_dist_f3530cac._.js:2297
[   95717ms] [WARNING] Image with src "/_next/static/media/n8n.33856778.png" has "fill" but is missing "sizes" prop. Please add it to improve page performance. Read more: https://nextjs.org/docs/api-reference/next/image#sizes @ http://localhost:3000/_next/static/chunks/node_modules_next_dist_f3530cac._.js:2297
[   95717ms] [WARNING] Image with src "/_next/static/media/stripe.ae0b4826.jpeg" has "fill" but is missing "sizes" prop. Please add it to improve page performance. Read more: https://nextjs.org/docs/api-reference/next/image#sizes @ http://localhost:3000/_next/static/chunks/node_modules_next_dist_f3530cac._.js:2297
[   95717ms] [WARNING] Image with src "/_next/static/media/cursor.953073c3.webp" has "fill" but is missing "sizes" prop. Please add it to improve page performance. Read more: https://nextjs.org/docs/api-reference/next/image#sizes @ http://localhost:3000/_next/static/chunks/node_modules_next_dist_f3530cac._.js:2297
[   95717ms] [WARNING] Image with src "https://pub-b5cc14cdfc9a459bbb6c1cc637db4ffa.r2.dev/images/288_1x_shots_so.png" has "fill" but is missing "sizes" prop. Please add it to improve page performance. Read more: https://nextjs.org/docs/api-reference/next/image#sizes @ http://localhost:3000/_next/static/chunks/node_modules_next_dist_f3530cac._.js:2297
[   95717ms] [WARNING] Image with src "https://pub-b5cc14cdfc9a459bbb6c1cc637db4ffa.r2.dev/images/main.png" has "fill" but is missing "sizes" prop. Please add it to improve page performance. Read more: https://nextjs.org/docs/api-reference/next/image#sizes @ http://localhost:3000/_next/static/chunks/node_modules_next_dist_f3530cac._.js:2297
[   95717ms] [WARNING] Image with src "https://pub-b5cc14cdfc9a459bbb6c1cc637db4ffa.r2.dev/images/Trace.png" has "fill" but is missing "sizes" prop. Please add it to improve page performance. Read more: https://nextjs.org/docs/api-reference/next/image#sizes @ http://localhost:3000/_next/static/chunks/node_modules_next_dist_f3530cac._.js:2297
[   95717ms] [WARNING] Image with src "https://pub-b5cc14cdfc9a459bbb6c1cc637db4ffa.r2.dev/images/crack.png" has "fill" but is missing "sizes" prop. Please add it to improve page performance. Read more: https://nextjs.org/docs/api-reference/next/image#sizes @ http://localhost:3000/_next/static/chunks/node_modules_next_dist_f3530cac._.js:2297
[   95718ms] [WARNING] Image with src "https://pub-b5cc14cdfc9a459bbb6c1cc637db4ffa.r2.dev/images/apple.png" has "fill" but is missing "sizes" prop. Please add it to improve page performance. Read more: https://nextjs.org/docs/api-reference/next/image#sizes @ http://localhost:3000/_next/static/chunks/node_modules_next_dist_f3530cac._.js:2297
[   95718ms] [WARNING] Image with src "https://ik.imagekit.io/ivyzquofk/Financio.png" has "fill" but is missing "sizes" prop. Please add it to improve page performance. Read more: https://nextjs.org/docs/api-reference/next/image#sizes @ http://localhost:3000/_next/static/chunks/node_modules_next_dist_f3530cac._.js:2297
[   95718ms] [WARNING] Image with src "/images/blog/blog4.jpg" has "fill" but is missing "sizes" prop. Please add it to improve page performance. Read more: https://nextjs.org/docs/api-reference/next/image#sizes @ http://localhost:3000/_next/static/chunks/node_modules_next_dist_f3530cac._.js:2297
[   95718ms] [WARNING] Image with src "/images/blog/blog3.jpg" has "fill" but is missing "sizes" prop. Please add it to improve page performance. Read more: https://nextjs.org/docs/api-reference/next/image#sizes @ http://localhost:3000/_next/static/chunks/node_modules_next_dist_f3530cac._.js:2297
[   95718ms] [WARNING] Image with src "/images/blog/blog2.jpg" has "fill" but is missing "sizes" prop. Please add it to improve page performance. Read more: https://nextjs.org/docs/api-reference/next/image#sizes @ http://localhost:3000/_next/static/chunks/node_modules_next_dist_f3530cac._.js:2297
[   95718ms] [WARNING] Image with src "/images/blog/blog1.jpg" has "fill" but is missing "sizes" prop. Please add it to improve page performance. Read more: https://nextjs.org/docs/api-reference/next/image#sizes @ http://localhost:3000/_next/static/chunks/node_modules_next_dist_f3530cac._.js:2297
[   95739ms] [WARNING] Image with src "/images/footer.png" has either width or height modified, but not the other. If you use CSS to change the size of your image, also include the styles 'width: "auto"' or 'height: "auto"' to maintain the aspect ratio. @ http://localhost:3000/_next/static/chunks/node_modules_next_dist_f3530cac._.js:2297
[   95983ms] [LOG] %c[Vercel Web Analytics]%c Debug mode is enabled by default in development. No requests will be sent to the server. color: rgb(120, 120, 120) color: inherit @ http://localhost:3000/_next/static/chunks/node_modules_next_dist_f3530cac._.js:2297
[   95983ms] [LOG] %c[Vercel Web Analytics]%c Running queued event color: rgb(120, 120, 120) color: inherit pageview {route: /, path: /} @ http://localhost:3000/_next/static/chunks/node_modules_next_dist_f3530cac._.js:2297
[   95983ms] [LOG] %c[Vercel Web Analytics]%c [view] http://localhost:3000/ color: rgb(120, 120, 120) color: inherit {o: http://localhost:3000/, sv: 0.1.3, sdkn: @vercel/analytics/next, sdkv: 1.6.1, ts: 1783346853852} /_vercel/insights/view @ http://localhost:3000/_next/static/chunks/node_modules_next_dist_f3530cac._.js:2297
[   96067ms] [LOG] %c[Vercel Speed Insights]%c Debug mode is enabled by default in development. No requests will be sent to the server. color: rgb(120, 120, 120) color: inherit @ http://localhost:3000/_next/static/chunks/node_modules_next_dist_f3530cac._.js:2297
[  123105ms] [INFO] %cDownload the React DevTools for a better development experience: https://react.dev/link/react-devtools font-weight:bold @ http://localhost:3000/_next/static/chunks/node_modules_next_dist_f3530cac._.js:2297
[  123133ms] [LOG] [HMR] connected @ http://localhost:3000/_next/static/chunks/node_modules_next_dist_f3530cac._.js:2297
[  123343ms] [WARNING] [react-tooltip] Do not set `style.border`. Use `border` prop instead. @ http://localhost:3000/_next/static/chunks/node_modules_next_dist_f3530cac._.js:2297
[  123344ms] [WARNING] [react-tooltip] Do not set `style.border`. Use `border` prop instead. @ http://localhost:3000/_next/static/chunks/node_modules_next_dist_f3530cac._.js:2297
[  123344ms] [WARNING] [react-tooltip] Do not set `style.border`. Use `border` prop instead. @ http://localhost:3000/_next/static/chunks/node_modules_next_dist_f3530cac._.js:2297
[  123345ms] [WARNING] [react-tooltip] Do not set `style.border`. Use `border` prop instead. @ http://localhost:3000/_next/static/chunks/node_modules_next_dist_f3530cac._.js:2297
[  123345ms] [WARNING] [react-tooltip] Do not set `style.border`. Use `border` prop instead. @ http://localhost:3000/_next/static/chunks/node_modules_next_dist_f3530cac._.js:2297
[  123346ms] [WARNING] [react-tooltip] Do not set `style.border`. Use `border` prop instead. @ http://localhost:3000/_next/static/chunks/node_modules_next_dist_f3530cac._.js:2297
[  123380ms] [WARNING] [react-tooltip] Do not set `style.border`. Use `border` prop instead. @ http://localhost:3000/_next/static/chunks/node_modules_next_dist_f3530cac._.js:2297
[  123381ms] [WARNING] [react-tooltip] Do not set `style.border`. Use `border` prop instead. @ http://localhost:3000/_next/static/chunks/node_modules_next_dist_f3530cac._.js:2297
[  123381ms] [WARNING] [react-tooltip] Do not set `style.border`. Use `border` prop instead. @ http://localhost:3000/_next/static/chunks/node_modules_next_dist_f3530cac._.js:2297
[  123382ms] [WARNING] [react-tooltip] Do not set `style.border`. Use `border` prop instead. @ http://localhost:3000/_next/static/chunks/node_modules_next_dist_f3530cac._.js:2297
[  123382ms] [WARNING] [react-tooltip] Do not set `style.border`. Use `border` prop instead. @ http://localhost:3000/_next/static/chunks/node_modules_next_dist_f3530cac._.js:2297
[  123382ms] [WARNING] [react-tooltip] Do not set `style.border`. Use `border` prop instead. @ http://localhost:3000/_next/static/chunks/node_modules_next_dist_f3530cac._.js:2297
[  123389ms] [WARNING] Image with src "/_next/static/media/js.70b52c32.png" has "fill" but is missing "sizes" prop. Please add it to improve page performance. Read more: https://nextjs.org/docs/api-reference/next/image#sizes @ http://localhost:3000/_next/static/chunks/node_modules_next_dist_f3530cac._.js:2297
[  123389ms] [WARNING] Image with src "/_next/static/media/typescript.98e686f2.png" has "fill" but is missing "sizes" prop. Please add it to improve page performance. Read more: https://nextjs.org/docs/api-reference/next/image#sizes @ http://localhost:3000/_next/static/chunks/node_modules_next_dist_f3530cac._.js:2297
[  123389ms] [WARNING] Image with src "/_next/static/media/react.94e476b9.png" has "fill" but is missing "sizes" prop. Please add it to improve page performance. Read more: https://nextjs.org/docs/api-reference/next/image#sizes @ http://localhost:3000/_next/static/chunks/node_modules_next_dist_f3530cac._.js:2297
[  123389ms] [WARNING] Image with src "/_next/static/media/nextjs.f6f9c7b2.jpeg" has "fill" but is missing "sizes" prop. Please add it to improve page performance. Read more: https://nextjs.org/docs/api-reference/next/image#sizes @ http://localhost:3000/_next/static/chunks/node_modules_next_dist_f3530cac._.js:2297
[  123389ms] [WARNING] Image with src "/_next/static/media/tailwindcss.3dd9d549.jpeg" has "fill" but is missing "sizes" prop. Please add it to improve page performance. Read more: https://nextjs.org/docs/api-reference/next/image#sizes @ http://localhost:3000/_next/static/chunks/node_modules_next_dist_f3530cac._.js:2297
[  123389ms] [WARNING] Image with src "/_next/static/media/python.58a41c3f.png" has "fill" but is missing "sizes" prop. Please add it to improve page performance. Read more: https://nextjs.org/docs/api-reference/next/image#sizes @ http://localhost:3000/_next/static/chunks/node_modules_next_dist_f3530cac._.js:2297
[  123395ms] [WARNING] Image with src "/_next/static/media/nodejs.c2c5065d.png" has "fill" but is missing "sizes" prop. Please add it to improve page performance. Read more: https://nextjs.org/docs/api-reference/next/image#sizes @ http://localhost:3000/_next/static/chunks/node_modules_next_dist_f3530cac._.js:2297
[  123395ms] [WARNING] Image with src "/_next/static/media/neon.238e1ded.jpeg" has "fill" but is missing "sizes" prop. Please add it to improve page performance. Read more: https://nextjs.org/docs/api-reference/next/image#sizes @ http://localhost:3000/_next/static/chunks/node_modules_next_dist_f3530cac._.js:2297
[  123396ms] [WARNING] Image with src "/_next/static/media/docker.ac28fd10.jpeg" has "fill" but is missing "sizes" prop. Please add it to improve page performance. Read more: https://nextjs.org/docs/api-reference/next/image#sizes @ http://localhost:3000/_next/static/chunks/node_modules_next_dist_f3530cac._.js:2297
[  123396ms] [WARNING] Image with src "/_next/static/media/vercel.621c723c.png" has "fill" but is missing "sizes" prop. Please add it to improve page performance. Read more: https://nextjs.org/docs/api-reference/next/image#sizes @ http://localhost:3000/_next/static/chunks/node_modules_next_dist_f3530cac._.js:2297
[  123396ms] [WARNING] Image with src "/_next/static/media/github.c7b35360.png" has "fill" but is missing "sizes" prop. Please add it to improve page performance. Read more: https://nextjs.org/docs/api-reference/next/image#sizes @ http://localhost:3000/_next/static/chunks/node_modules_next_dist_f3530cac._.js:2297
[  123396ms] [WARNING] Image with src "/_next/static/media/n8n.33856778.png" has "fill" but is missing "sizes" prop. Please add it to improve page performance. Read more: https://nextjs.org/docs/api-reference/next/image#sizes @ http://localhost:3000/_next/static/chunks/node_modules_next_dist_f3530cac._.js:2297
[  123396ms] [WARNING] Image with src "/_next/static/media/stripe.ae0b4826.jpeg" has "fill" but is missing "sizes" prop. Please add it to improve page performance. Read more: https://nextjs.org/docs/api-reference/next/image#sizes @ http://localhost:3000/_next/static/chunks/node_modules_next_dist_f3530cac._.js:2297
[  123397ms] [WARNING] Image with src "/_next/static/media/cursor.953073c3.webp" has "fill" but is missing "sizes" prop. Please add it to improve page performance. Read more: https://nextjs.org/docs/api-reference/next/image#sizes @ http://localhost:3000/_next/static/chunks/node_modules_next_dist_f3530cac._.js:2297
[  123397ms] [WARNING] Image with src "https://pub-b5cc14cdfc9a459bbb6c1cc637db4ffa.r2.dev/images/288_1x_shots_so.png" has "fill" but is missing "sizes" prop. Please add it to improve page performance. Read more: https://nextjs.org/docs/api-reference/next/image#sizes @ http://localhost:3000/_next/static/chunks/node_modules_next_dist_f3530cac._.js:2297
[  123397ms] [WARNING] Image with src "https://pub-b5cc14cdfc9a459bbb6c1cc637db4ffa.r2.dev/images/main.png" has "fill" but is missing "sizes" prop. Please add it to improve page performance. Read more: https://nextjs.org/docs/api-reference/next/image#sizes @ http://localhost:3000/_next/static/chunks/node_modules_next_dist_f3530cac._.js:2297
[  123398ms] [WARNING] Image with src "https://pub-b5cc14cdfc9a459bbb6c1cc637db4ffa.r2.dev/images/Trace.png" has "fill" but is missing "sizes" prop. Please add it to improve page performance. Read more: https://nextjs.org/docs/api-reference/next/image#sizes @ http://localhost:3000/_next/static/chunks/node_modules_next_dist_f3530cac._.js:2297
[  123398ms] [WARNING] Image with src "https://pub-b5cc14cdfc9a459bbb6c1cc637db4ffa.r2.dev/images/crack.png" has "fill" but is missing "sizes" prop. Please add it to improve page performance. Read more: https://nextjs.org/docs/api-reference/next/image#sizes @ http://localhost:3000/_next/static/chunks/node_modules_next_dist_f3530cac._.js:2297
[  123398ms] [WARNING] Image with src "https://pub-b5cc14cdfc9a459bbb6c1cc637db4ffa.r2.dev/images/apple.png" has "fill" but is missing "sizes" prop. Please add it to improve page performance. Read more: https://nextjs.org/docs/api-reference/next/image#sizes @ http://localhost:3000/_next/static/chunks/node_modules_next_dist_f3530cac._.js:2297
[  123398ms] [WARNING] Image with src "https://ik.imagekit.io/ivyzquofk/Financio.png" has "fill" but is missing "sizes" prop. Please add it to improve page performance. Read more: https://nextjs.org/docs/api-reference/next/image#sizes @ http://localhost:3000/_next/static/chunks/node_modules_next_dist_f3530cac._.js:2297
[  123398ms] [WARNING] Image with src "/images/blog/blog4.jpg" has "fill" but is missing "sizes" prop. Please add it to improve page performance. Read more: https://nextjs.org/docs/api-reference/next/image#sizes @ http://localhost:3000/_next/static/chunks/node_modules_next_dist_f3530cac._.js:2297
[  123398ms] [WARNING] Image with src "/images/blog/blog3.jpg" has "fill" but is missing "sizes" prop. Please add it to improve page performance. Read more: https://nextjs.org/docs/api-reference/next/image#sizes @ http://localhost:3000/_next/static/chunks/node_modules_next_dist_f3530cac._.js:2297
[  123398ms] [WARNING] Image with src "/images/blog/blog2.jpg" has "fill" but is missing "sizes" prop. Please add it to improve page performance. Read more: https://nextjs.org/docs/api-reference/next/image#sizes @ http://localhost:3000/_next/static/chunks/node_modules_next_dist_f3530cac._.js:2297
[  123398ms] [WARNING] Image with src "/images/blog/blog1.jpg" has "fill" but is missing "sizes" prop. Please add it to improve page performance. Read more: https://nextjs.org/docs/api-reference/next/image#sizes @ http://localhost:3000/_next/static/chunks/node_modules_next_dist_f3530cac._.js:2297
[  123420ms] [WARNING] Image with src "/images/footer.png" has either width or height modified, but not the other. If you use CSS to change the size of your image, also include the styles 'width: "auto"' or 'height: "auto"' to maintain the aspect ratio. @ http://localhost:3000/_next/static/chunks/node_modules_next_dist_f3530cac._.js:2297
[  123771ms] [LOG] %c[Vercel Web Analytics]%c Debug mode is enabled by default in development. No requests will be sent to the server. color: rgb(120, 120, 120) color: inherit @ http://localhost:3000/_next/static/chunks/node_modules_next_dist_f3530cac._.js:2297
[  123771ms] [LOG] %c[Vercel Web Analytics]%c Running queued event color: rgb(120, 120, 120) color: inherit pageview {route: /, path: /} @ http://localhost:3000/_next/static/chunks/node_modules_next_dist_f3530cac._.js:2297
[  123771ms] [LOG] %c[Vercel Web Analytics]%c [view] http://localhost:3000/ color: rgb(120, 120, 120) color: inherit {o: http://localhost:3000/, sv: 0.1.3, sdkn: @vercel/analytics/next, sdkv: 1.6.1, ts: 1783346881640} /_vercel/insights/view @ http://localhost:3000/_next/static/chunks/node_modules_next_dist_f3530cac._.js:2297
[  123772ms] [LOG] %c[Vercel Speed Insights]%c Debug mode is enabled by default in development. No requests will be sent to the server. color: rgb(120, 120, 120) color: inherit @ http://localhost:3000/_next/static/chunks/node_modules_next_dist_f3530cac._.js:2297
[  147472ms] [INFO] %cDownload the React DevTools for a better development experience: https://react.dev/link/react-devtools font-weight:bold @ http://localhost:3000/_next/static/chunks/node_modules_next_dist_f3530cac._.js:2297
[  147494ms] [LOG] [HMR] connected @ http://localhost:3000/_next/static/chunks/node_modules_next_dist_f3530cac._.js:2297
[  147670ms] [WARNING] [react-tooltip] Do not set `style.border`. Use `border` prop instead. @ http://localhost:3000/_next/static/chunks/node_modules_next_dist_f3530cac._.js:2297
[  147670ms] [WARNING] [react-tooltip] Do not set `style.border`. Use `border` prop instead. @ http://localhost:3000/_next/static/chunks/node_modules_next_dist_f3530cac._.js:2297
[  147671ms] [WARNING] [react-tooltip] Do not set `style.border`. Use `border` prop instead. @ http://localhost:3000/_next/static/chunks/node_modules_next_dist_f3530cac._.js:2297
[  147671ms] [WARNING] [react-tooltip] Do not set `style.border`. Use `border` prop instead. @ http://localhost:3000/_next/static/chunks/node_modules_next_dist_f3530cac._.js:2297
[  147672ms] [WARNING] [react-tooltip] Do not set `style.border`. Use `border` prop instead. @ http://localhost:3000/_next/static/chunks/node_modules_next_dist_f3530cac._.js:2297
[  147672ms] [WARNING] [react-tooltip] Do not set `style.border`. Use `border` prop instead. @ http://localhost:3000/_next/static/chunks/node_modules_next_dist_f3530cac._.js:2297
[  147707ms] [WARNING] [react-tooltip] Do not set `style.border`. Use `border` prop instead. @ http://localhost:3000/_next/static/chunks/node_modules_next_dist_f3530cac._.js:2297
[  147707ms] [WARNING] [react-tooltip] Do not set `style.border`. Use `border` prop instead. @ http://localhost:3000/_next/static/chunks/node_modules_next_dist_f3530cac._.js:2297
[  147708ms] [WARNING] [react-tooltip] Do not set `style.border`. Use `border` prop instead. @ http://localhost:3000/_next/static/chunks/node_modules_next_dist_f3530cac._.js:2297
[  147708ms] [WARNING] [react-tooltip] Do not set `style.border`. Use `border` prop instead. @ http://localhost:3000/_next/static/chunks/node_modules_next_dist_f3530cac._.js:2297
[  147709ms] [WARNING] [react-tooltip] Do not set `style.border`. Use `border` prop instead. @ http://localhost:3000/_next/static/chunks/node_modules_next_dist_f3530cac._.js:2297
[  147709ms] [WARNING] [react-tooltip] Do not set `style.border`. Use `border` prop instead. @ http://localhost:3000/_next/static/chunks/node_modules_next_dist_f3530cac._.js:2297
[  147714ms] [WARNING] Image with src "/_next/static/media/js.70b52c32.png" has "fill" but is missing "sizes" prop. Please add it to improve page performance. Read more: https://nextjs.org/docs/api-reference/next/image#sizes @ http://localhost:3000/_next/static/chunks/node_modules_next_dist_f3530cac._.js:2297
[  147714ms] [WARNING] Image with src "/_next/static/media/typescript.98e686f2.png" has "fill" but is missing "sizes" prop. Please add it to improve page performance. Read more: https://nextjs.org/docs/api-reference/next/image#sizes @ http://localhost:3000/_next/static/chunks/node_modules_next_dist_f3530cac._.js:2297
[  147714ms] [WARNING] Image with src "/_next/static/media/react.94e476b9.png" has "fill" but is missing "sizes" prop. Please add it to improve page performance. Read more: https://nextjs.org/docs/api-reference/next/image#sizes @ http://localhost:3000/_next/static/chunks/node_modules_next_dist_f3530cac._.js:2297
[  147715ms] [WARNING] Image with src "/_next/static/media/nextjs.f6f9c7b2.jpeg" has "fill" but is missing "sizes" prop. Please add it to improve page performance. Read more: https://nextjs.org/docs/api-reference/next/image#sizes @ http://localhost:3000/_next/static/chunks/node_modules_next_dist_f3530cac._.js:2297
[  147720ms] [WARNING] Image with src "/_next/static/media/tailwindcss.3dd9d549.jpeg" has "fill" but is missing "sizes" prop. Please add it to improve page performance. Read more: https://nextjs.org/docs/api-reference/next/image#sizes @ http://localhost:3000/_next/static/chunks/node_modules_next_dist_f3530cac._.js:2297
[  147720ms] [WARNING] Image with src "/_next/static/media/python.58a41c3f.png" has "fill" but is missing "sizes" prop. Please add it to improve page performance. Read more: https://nextjs.org/docs/api-reference/next/image#sizes @ http://localhost:3000/_next/static/chunks/node_modules_next_dist_f3530cac._.js:2297
[  147721ms] [WARNING] Image with src "/_next/static/media/nodejs.c2c5065d.png" has "fill" but is missing "sizes" prop. Please add it to improve page performance. Read more: https://nextjs.org/docs/api-reference/next/image#sizes @ http://localhost:3000/_next/static/chunks/node_modules_next_dist_f3530cac._.js:2297
[  147721ms] [WARNING] Image with src "/_next/static/media/neon.238e1ded.jpeg" has "fill" but is missing "sizes" prop. Please add it to improve page performance. Read more: https://nextjs.org/docs/api-reference/next/image#sizes @ http://localhost:3000/_next/static/chunks/node_modules_next_dist_f3530cac._.js:2297
[  147721ms] [WARNING] Image with src "/_next/static/media/docker.ac28fd10.jpeg" has "fill" but is missing "sizes" prop. Please add it to improve page performance. Read more: https://nextjs.org/docs/api-reference/next/image#sizes @ http://localhost:3000/_next/static/chunks/node_modules_next_dist_f3530cac._.js:2297
[  147721ms] [WARNING] Image with src "/_next/static/media/vercel.621c723c.png" has "fill" but is missing "sizes" prop. Please add it to improve page performance. Read more: https://nextjs.org/docs/api-reference/next/image#sizes @ http://localhost:3000/_next/static/chunks/node_modules_next_dist_f3530cac._.js:2297
[  147721ms] [WARNING] Image with src "/_next/static/media/github.c7b35360.png" has "fill" but is missing "sizes" prop. Please add it to improve page performance. Read more: https://nextjs.org/docs/api-reference/next/image#sizes @ http://localhost:3000/_next/static/chunks/node_modules_next_dist_f3530cac._.js:2297
[  147721ms] [WARNING] Image with src "/_next/static/media/n8n.33856778.png" has "fill" but is missing "sizes" prop. Please add it to improve page performance. Read more: https://nextjs.org/docs/api-reference/next/image#sizes @ http://localhost:3000/_next/static/chunks/node_modules_next_dist_f3530cac._.js:2297
[  147721ms] [WARNING] Image with src "/_next/static/media/stripe.ae0b4826.jpeg" has "fill" but is missing "sizes" prop. Please add it to improve page performance. Read more: https://nextjs.org/docs/api-reference/next/image#sizes @ http://localhost:3000/_next/static/chunks/node_modules_next_dist_f3530cac._.js:2297
[  147721ms] [WARNING] Image with src "/_next/static/media/cursor.953073c3.webp" has "fill" but is missing "sizes" prop. Please add it to improve page performance. Read more: https://nextjs.org/docs/api-reference/next/image#sizes @ http://localhost:3000/_next/static/chunks/node_modules_next_dist_f3530cac._.js:2297
[  147721ms] [WARNING] Image with src "https://pub-b5cc14cdfc9a459bbb6c1cc637db4ffa.r2.dev/images/288_1x_shots_so.png" has "fill" but is missing "sizes" prop. Please add it to improve page performance. Read more: https://nextjs.org/docs/api-reference/next/image#sizes @ http://localhost:3000/_next/static/chunks/node_modules_next_dist_f3530cac._.js:2297
[  147722ms] [WARNING] Image with src "https://pub-b5cc14cdfc9a459bbb6c1cc637db4ffa.r2.dev/images/main.png" has "fill" but is missing "sizes" prop. Please add it to improve page performance. Read more: https://nextjs.org/docs/api-reference/next/image#sizes @ http://localhost:3000/_next/static/chunks/node_modules_next_dist_f3530cac._.js:2297
[  147722ms] [WARNING] Image with src "https://pub-b5cc14cdfc9a459bbb6c1cc637db4ffa.r2.dev/images/Trace.png" has "fill" but is missing "sizes" prop. Please add it to improve page performance. Read more: https://nextjs.org/docs/api-reference/next/image#sizes @ http://localhost:3000/_next/static/chunks/node_modules_next_dist_f3530cac._.js:2297
[  147722ms] [WARNING] Image with src "https://pub-b5cc14cdfc9a459bbb6c1cc637db4ffa.r2.dev/images/crack.png" has "fill" but is missing "sizes" prop. Please add it to improve page performance. Read more: https://nextjs.org/docs/api-reference/next/image#sizes @ http://localhost:3000/_next/static/chunks/node_modules_next_dist_f3530cac._.js:2297
[  147722ms] [WARNING] Image with src "https://pub-b5cc14cdfc9a459bbb6c1cc637db4ffa.r2.dev/images/apple.png" has "fill" but is missing "sizes" prop. Please add it to improve page performance. Read more: https://nextjs.org/docs/api-reference/next/image#sizes @ http://localhost:3000/_next/static/chunks/node_modules_next_dist_f3530cac._.js:2297
[  147722ms] [WARNING] Image with src "https://ik.imagekit.io/ivyzquofk/Financio.png" has "fill" but is missing "sizes" prop. Please add it to improve page performance. Read more: https://nextjs.org/docs/api-reference/next/image#sizes @ http://localhost:3000/_next/static/chunks/node_modules_next_dist_f3530cac._.js:2297
[  147722ms] [WARNING] Image with src "/images/blog/blog4.jpg" has "fill" but is missing "sizes" prop. Please add it to improve page performance. Read more: https://nextjs.org/docs/api-reference/next/image#sizes @ http://localhost:3000/_next/static/chunks/node_modules_next_dist_f3530cac._.js:2297
[  147722ms] [WARNING] Image with src "/images/blog/blog3.jpg" has "fill" but is missing "sizes" prop. Please add it to improve page performance. Read more: https://nextjs.org/docs/api-reference/next/image#sizes @ http://localhost:3000/_next/static/chunks/node_modules_next_dist_f3530cac._.js:2297
[  147722ms] [WARNING] Image with src "/images/blog/blog2.jpg" has "fill" but is missing "sizes" prop. Please add it to improve page performance. Read more: https://nextjs.org/docs/api-reference/next/image#sizes @ http://localhost:3000/_next/static/chunks/node_modules_next_dist_f3530cac._.js:2297
[  147723ms] [WARNING] Image with src "/images/blog/blog1.jpg" has "fill" but is missing "sizes" prop. Please add it to improve page performance. Read more: https://nextjs.org/docs/api-reference/next/image#sizes @ http://localhost:3000/_next/static/chunks/node_modules_next_dist_f3530cac._.js:2297
[  147744ms] [WARNING] Image with src "/images/footer.png" has either width or height modified, but not the other. If you use CSS to change the size of your image, also include the styles 'width: "auto"' or 'height: "auto"' to maintain the aspect ratio. @ http://localhost:3000/_next/static/chunks/node_modules_next_dist_f3530cac._.js:2297
[  147986ms] [LOG] %c[Vercel Web Analytics]%c Debug mode is enabled by default in development. No requests will be sent to the server. color: rgb(120, 120, 120) color: inherit @ http://localhost:3000/_next/static/chunks/node_modules_next_dist_f3530cac._.js:2297
[  147986ms] [LOG] %c[Vercel Web Analytics]%c Running queued event color: rgb(120, 120, 120) color: inherit pageview {route: /, path: /} @ http://localhost:3000/_next/static/chunks/node_modules_next_dist_f3530cac._.js:2297
[  147986ms] [LOG] %c[Vercel Web Analytics]%c [view] http://localhost:3000/ color: rgb(120, 120, 120) color: inherit {o: http://localhost:3000/, sv: 0.1.3, sdkn: @vercel/analytics/next, sdkv: 1.6.1, ts: 1783346905855} /_vercel/insights/view @ http://localhost:3000/_next/static/chunks/node_modules_next_dist_f3530cac._.js:2297
[  147986ms] [LOG] %c[Vercel Speed Insights]%c Debug mode is enabled by default in development. No requests will be sent to the server. color: rgb(120, 120, 120) color: inherit @ http://localhost:3000/_next/static/chunks/node_modules_next_dist_f3530cac._.js:2297
[  158030ms] [LOG] %c[Vercel Speed Insights]%c [vitals] color: rgb(120, 120, 120) color: inherit {speed: 4g, metrics: Array(4), scriptVersion: 0.1.3, sdkName: @vercel/speed-insights/next, sdkVersion: 2.0.0} /_vercel/speed-insights/vitals @ http://localhost:3000/_next/static/chunks/node_modules_next_dist_f3530cac._.js:2297
[  169987ms] [WARNING] Detected `scroll-behavior: smooth` on the `<html>` element. To disable smooth scrolling during route transitions, add `data-scroll-behavior="smooth"` to your <html> element. Learn more: https://nextjs.org/docs/messages/missing-data-scroll-behavior @ http://localhost:3000/_next/static/chunks/node_modules_next_dist_f3530cac._.js:2297
[  170021ms] [LOG] %c[Vercel Web Analytics]%c [view] http://localhost:3000/blog color: rgb(120, 120, 120) color: inherit {o: http://localhost:3000/blog, sv: 0.1.3, sdkn: @vercel/analytics/next, sdkv: 1.6.1, ts: 1783346927885} /_vercel/insights/view @ http://localhost:3000/_next/static/chunks/node_modules_next_dist_f3530cac._.js:2297
[  174699ms] [LOG] [Fast Refresh] rebuilding @ http://localhost:3000/_next/static/chunks/node_modules_next_dist_f3530cac._.js:2297
[  175547ms] [LOG] [Fast Refresh] done in 955ms @ http://localhost:3000/_next/static/chunks/node_modules_next_dist_f3530cac._.js:2297
[  175573ms] [LOG] %c[Vercel Web Analytics]%c [view] http://localhost:3000/hackathons color: rgb(120, 120, 120) color: inherit {o: http://localhost:3000/hackathons, sv: 0.1.3, sdkn: @vercel/analytics/next, sdkv: 1.6.1, ts: 1783346933441} /_vercel/insights/view @ http://localhost:3000/_next/static/chunks/node_modules_next_dist_f3530cac._.js:2297
[  175651ms] [LOG] [Fast Refresh] rebuilding @ http://localhost:3000/_next/static/chunks/node_modules_next_dist_f3530cac._.js:2297
[  175896ms] [LOG] [Fast Refresh] done in 348ms @ http://localhost:3000/_next/static/chunks/node_modules_next_dist_f3530cac._.js:2297
[  175943ms] [ERROR] Failed to load resource: the server responded with a status of 400 (Bad Request) @ http://localhost:3000/_next/image?url=%2Fimages%2Fhackathons%2F2.jpg&w=1080&q=75:0
[  175953ms] [ERROR] Failed to load resource: the server responded with a status of 400 (Bad Request) @ http://localhost:3000/_next/image?url=%2Fimages%2Fhackathons%2F1.jpg&w=1080&q=75:0
[  175955ms] [ERROR] Failed to load resource: the server responded with a status of 400 (Bad Request) @ http://localhost:3000/_next/image?url=%2Fimages%2Fhackathons%2F4.jpg&w=1080&q=75:0
[  175958ms] [ERROR] Failed to load resource: the server responded with a status of 400 (Bad Request) @ http://localhost:3000/_next/image?url=%2Fimages%2Fhackathons%2F3.jpg&w=1080&q=75:0
[  179014ms] [WARNING] [react-tooltip] Do not set `style.border`. Use `border` prop instead. @ http://localhost:3000/_next/static/chunks/node_modules_next_dist_f3530cac._.js:2297
[  179015ms] [WARNING] [react-tooltip] Do not set `style.border`. Use `border` prop instead. @ http://localhost:3000/_next/static/chunks/node_modules_next_dist_f3530cac._.js:2297
[  179015ms] [WARNING] [react-tooltip] Do not set `style.border`. Use `border` prop instead. @ http://localhost:3000/_next/static/chunks/node_modules_next_dist_f3530cac._.js:2297
[  179015ms] [WARNING] [react-tooltip] Do not set `style.border`. Use `border` prop instead. @ http://localhost:3000/_next/static/chunks/node_modules_next_dist_f3530cac._.js:2297
[  179016ms] [WARNING] [react-tooltip] Do not set `style.border`. Use `border` prop instead. @ http://localhost:3000/_next/static/chunks/node_modules_next_dist_f3530cac._.js:2297
[  179017ms] [WARNING] [react-tooltip] Do not set `style.border`. Use `border` prop instead. @ http://localhost:3000/_next/static/chunks/node_modules_next_dist_f3530cac._.js:2297
[  179031ms] [WARNING] [react-tooltip] Do not set `style.border`. Use `border` prop instead. @ http://localhost:3000/_next/static/chunks/node_modules_next_dist_f3530cac._.js:2297
[  179031ms] [WARNING] [react-tooltip] Do not set `style.border`. Use `border` prop instead. @ http://localhost:3000/_next/static/chunks/node_modules_next_dist_f3530cac._.js:2297
[  179032ms] [WARNING] [react-tooltip] Do not set `style.border`. Use `border` prop instead. @ http://localhost:3000/_next/static/chunks/node_modules_next_dist_f3530cac._.js:2297
[  179032ms] [WARNING] [react-tooltip] Do not set `style.border`. Use `border` prop instead. @ http://localhost:3000/_next/static/chunks/node_modules_next_dist_f3530cac._.js:2297
[  179032ms] [WARNING] [react-tooltip] Do not set `style.border`. Use `border` prop instead. @ http://localhost:3000/_next/static/chunks/node_modules_next_dist_f3530cac._.js:2297
[  179032ms] [WARNING] [react-tooltip] Do not set `style.border`. Use `border` prop instead. @ http://localhost:3000/_next/static/chunks/node_modules_next_dist_f3530cac._.js:2297
[  179035ms] [LOG] %c[Vercel Web Analytics]%c [view] http://localhost:3000/#experience color: rgb(120, 120, 120) color: inherit {o: http://localhost:3000/#experience, sv: 0.1.3, sdkn: @vercel/analytics/next, sdkv: 1.6.1, ts: 1783346936889} /_vercel/insights/view @ http://localhost:3000/_next/static/chunks/node_modules_next_dist_f3530cac._.js:2297
[  197556ms] [LOG] [Fast Refresh] rebuilding @ http://localhost:3000/_next/static/chunks/node_modules_next_dist_f3530cac._.js:2297
[  197607ms] [LOG] [Fast Refresh] done in 152ms @ http://localhost:3000/_next/static/chunks/node_modules_next_dist_f3530cac._.js:2297
[  197740ms] [LOG] [Fast Refresh] rebuilding @ http://localhost:3000/_next/static/chunks/node_modules_next_dist_f3530cac._.js:2297
[  197746ms] [LOG] [Fast Refresh] done in 108ms @ http://localhost:3000/_next/static/chunks/node_modules_next_dist_f3530cac._.js:2297
[  209196ms] [LOG] [Fast Refresh] rebuilding @ http://localhost:3000/_next/static/chunks/node_modules_next_dist_f3530cac._.js:2297
[  209558ms] [LOG] [Fast Refresh] done in 470ms @ http://localhost:3000/_next/static/chunks/node_modules_next_dist_f3530cac._.js:2297
[  209614ms] [LOG] %c[Vercel Web Analytics]%c [view] http://localhost:3000/photography color: rgb(120, 120, 120) color: inherit {o: http://localhost:3000/photography, sv: 0.1.3, sdkn: @vercel/analytics/next, sdkv: 1.6.1, ts: 1783346967482} /_vercel/insights/view @ http://localhost:3000/_next/static/chunks/node_modules_next_dist_f3530cac._.js:2297
[  209667ms] [LOG] [Fast Refresh] rebuilding @ http://localhost:3000/_next/static/chunks/node_modules_next_dist_f3530cac._.js:2297
[  209728ms] [LOG] [Fast Refresh] done in 169ms @ http://localhost:3000/_next/static/chunks/node_modules_next_dist_f3530cac._.js:2297
[  209784ms] [ERROR] Failed to load resource: the server responded with a status of 400 (Bad Request) @ http://localhost:3000/_next/image?url=%2Fimages%2Fphotography%2F2.jpg&w=1080&q=75:0
[  209795ms] [ERROR] Failed to load resource: the server responded with a status of 400 (Bad Request) @ http://localhost:3000/_next/image?url=%2Fimages%2Fphotography%2F1.jpg&w=1080&q=75:0
[  209796ms] [ERROR] Failed to load resource: the server responded with a status of 400 (Bad Request) @ http://localhost:3000/_next/image?url=%2Fimages%2Fphotography%2F3.jpg&w=1080&q=75:0
[  209801ms] [ERROR] Failed to load resource: the server responded with a status of 400 (Bad Request) @ http://localhost:3000/_next/image?url=%2Fimages%2Fphotography%2F4.jpg&w=1080&q=75:0
[  212004ms] [WARNING] [react-tooltip] Do not set `style.border`. Use `border` prop instead. @ http://localhost:3000/_next/static/chunks/node_modules_next_dist_f3530cac._.js:2297
[  212005ms] [WARNING] [react-tooltip] Do not set `style.border`. Use `border` prop instead. @ http://localhost:3000/_next/static/chunks/node_modules_next_dist_f3530cac._.js:2297
[  212005ms] [WARNING] [react-tooltip] Do not set `style.border`. Use `border` prop instead. @ http://localhost:3000/_next/static/chunks/node_modules_next_dist_f3530cac._.js:2297
[  212006ms] [WARNING] [react-tooltip] Do not set `style.border`. Use `border` prop instead. @ http://localhost:3000/_next/static/chunks/node_modules_next_dist_f3530cac._.js:2297
[  212006ms] [WARNING] [react-tooltip] Do not set `style.border`. Use `border` prop instead. @ http://localhost:3000/_next/static/chunks/node_modules_next_dist_f3530cac._.js:2297
[  212007ms] [WARNING] [react-tooltip] Do not set `style.border`. Use `border` prop instead. @ http://localhost:3000/_next/static/chunks/node_modules_next_dist_f3530cac._.js:2297
[  212026ms] [WARNING] [react-tooltip] Do not set `style.border`. Use `border` prop instead. @ http://localhost:3000/_next/static/chunks/node_modules_next_dist_f3530cac._.js:2297
[  212027ms] [WARNING] [react-tooltip] Do not set `style.border`. Use `border` prop instead. @ http://localhost:3000/_next/static/chunks/node_modules_next_dist_f3530cac._.js:2297
[  212027ms] [WARNING] [react-tooltip] Do not set `style.border`. Use `border` prop instead. @ http://localhost:3000/_next/static/chunks/node_modules_next_dist_f3530cac._.js:2297
[  212028ms] [WARNING] [react-tooltip] Do not set `style.border`. Use `border` prop instead. @ http://localhost:3000/_next/static/chunks/node_modules_next_dist_f3530cac._.js:2297
[  212028ms] [WARNING] [react-tooltip] Do not set `style.border`. Use `border` prop instead. @ http://localhost:3000/_next/static/chunks/node_modules_next_dist_f3530cac._.js:2297
[  212028ms] [WARNING] [react-tooltip] Do not set `style.border`. Use `border` prop instead. @ http://localhost:3000/_next/static/chunks/node_modules_next_dist_f3530cac._.js:2297
[  212032ms] [LOG] %c[Vercel Web Analytics]%c [view] http://localhost:3000/ color: rgb(120, 120, 120) color: inherit {o: http://localhost:3000/, sv: 0.1.3, sdkn: @vercel/analytics/next, sdkv: 1.6.1, ts: 1783346969883} /_vercel/insights/view @ http://localhost:3000/_next/static/chunks/node_modules_next_dist_f3530cac._.js:2297
[  305414ms] [LOG] [Fast Refresh] rebuilding @ http://localhost:3000/_next/static/chunks/node_modules_next_dist_f3530cac._.js:2297
[  305465ms] [LOG] [Fast Refresh] done in 154ms @ http://localhost:3000/_next/static/chunks/node_modules_next_dist_f3530cac._.js:2297
[  305581ms] [LOG] [Fast Refresh] rebuilding @ http://localhost:3000/_next/static/chunks/node_modules_next_dist_f3530cac._.js:2297
[  305589ms] [LOG] [Fast Refresh] done in 108ms @ http://localhost:3000/_next/static/chunks/node_modules_next_dist_f3530cac._.js:2297
[  339835ms] [LOG] [Fast Refresh] rebuilding @ http://localhost:3000/_next/static/chunks/node_modules_next_dist_f3530cac._.js:2297
[  340151ms] [LOG] [Fast Refresh] done in 391ms @ http://localhost:3000/_next/static/chunks/node_modules_next_dist_f3530cac._.js:2297
[  340388ms] [LOG] [Fast Refresh] rebuilding @ http://localhost:3000/_next/static/chunks/node_modules_next_dist_f3530cac._.js:2297
[  340477ms] [WARNING] [react-tooltip] Do not set `style.border`. Use `border` prop instead. @ http://localhost:3000/_next/static/chunks/node_modules_next_dist_f3530cac._.js:2297
[  340478ms] [WARNING] [react-tooltip] Do not set `style.border`. Use `border` prop instead. @ http://localhost:3000/_next/static/chunks/node_modules_next_dist_f3530cac._.js:2297
[  340478ms] [WARNING] [react-tooltip] Do not set `style.border`. Use `border` prop instead. @ http://localhost:3000/_next/static/chunks/node_modules_next_dist_f3530cac._.js:2297
[  340479ms] [WARNING] [react-tooltip] Do not set `style.border`. Use `border` prop instead. @ http://localhost:3000/_next/static/chunks/node_modules_next_dist_f3530cac._.js:2297
[  340479ms] [WARNING] [react-tooltip] Do not set `style.border`. Use `border` prop instead. @ http://localhost:3000/_next/static/chunks/node_modules_next_dist_f3530cac._.js:2297
[  340479ms] [WARNING] [react-tooltip] Do not set `style.border`. Use `border` prop instead. @ http://localhost:3000/_next/static/chunks/node_modules_next_dist_f3530cac._.js:2297
[  340681ms] [LOG] [Fast Refresh] done in 397ms @ http://localhost:3000/_next/static/chunks/node_modules_next_dist_f3530cac._.js:2297
[  341029ms] [INFO] %cDownload the React DevTools for a better development experience: https://react.dev/link/react-devtools font-weight:bold @ http://localhost:3000/_next/static/chunks/node_modules_next_dist_f3530cac._.js:2297
[  341065ms] [LOG] [HMR] connected @ http://localhost:3000/_next/static/chunks/node_modules_next_dist_f3530cac._.js:2297
[  341160ms] [LOG] %c[Vercel Web Analytics]%c Debug mode is enabled by default in development. No requests will be sent to the server. color: rgb(120, 120, 120) color: inherit @ http://localhost:3000/_next/static/chunks/node_modules_next_dist_f3530cac._.js:2297
[  341160ms] [LOG] %c[Vercel Web Analytics]%c Running queued event color: rgb(120, 120, 120) color: inherit pageview {route: /, path: /} @ http://localhost:3000/_next/static/chunks/node_modules_next_dist_f3530cac._.js:2297
[  341160ms] [LOG] %c[Vercel Web Analytics]%c [view] http://localhost:3000/ color: rgb(120, 120, 120) color: inherit {o: http://localhost:3000/, sv: 0.1.3, sdkn: @vercel/analytics/next, sdkv: 1.6.1, ts: 1783347099029} /_vercel/insights/view @ http://localhost:3000/_next/static/chunks/node_modules_next_dist_f3530cac._.js:2297
[  341160ms] [LOG] %c[Vercel Speed Insights]%c Debug mode is enabled by default in development. No requests will be sent to the server. color: rgb(120, 120, 120) color: inherit @ http://localhost:3000/_next/static/chunks/node_modules_next_dist_f3530cac._.js:2297
[  341208ms] [LOG] [Fast Refresh] rebuilding @ http://localhost:3000/_next/static/chunks/node_modules_next_dist_f3530cac._.js:2297
[  341275ms] [LOG] [Fast Refresh] done in 199ms @ http://localhost:3000/_next/static/chunks/node_modules_next_dist_f3530cac._.js:2297
[  341371ms] [WARNING] [react-tooltip] Do not set `style.border`. Use `border` prop instead. @ http://localhost:3000/_next/static/chunks/node_modules_next_dist_f3530cac._.js:2297
[  341372ms] [WARNING] [react-tooltip] Do not set `style.border`. Use `border` prop instead. @ http://localhost:3000/_next/static/chunks/node_modules_next_dist_f3530cac._.js:2297
[  341373ms] [WARNING] [react-tooltip] Do not set `style.border`. Use `border` prop instead. @ http://localhost:3000/_next/static/chunks/node_modules_next_dist_f3530cac._.js:2297
[  341373ms] [WARNING] [react-tooltip] Do not set `style.border`. Use `border` prop instead. @ http://localhost:3000/_next/static/chunks/node_modules_next_dist_f3530cac._.js:2297
[  341374ms] [WARNING] [react-tooltip] Do not set `style.border`. Use `border` prop instead. @ http://localhost:3000/_next/static/chunks/node_modules_next_dist_f3530cac._.js:2297
[  341374ms] [WARNING] [react-tooltip] Do not set `style.border`. Use `border` prop instead. @ http://localhost:3000/_next/static/chunks/node_modules_next_dist_f3530cac._.js:2297
[  341425ms] [WARNING] [react-tooltip] Do not set `style.border`. Use `border` prop instead. @ http://localhost:3000/_next/static/chunks/node_modules_next_dist_f3530cac._.js:2297
[  341427ms] [WARNING] [react-tooltip] Do not set `style.border`. Use `border` prop instead. @ http://localhost:3000/_next/static/chunks/node_modules_next_dist_f3530cac._.js:2297
[  341428ms] [WARNING] [react-tooltip] Do not set `style.border`. Use `border` prop instead. @ http://localhost:3000/_next/static/chunks/node_modules_next_dist_f3530cac._.js:2297
[  341428ms] [WARNING] [react-tooltip] Do not set `style.border`. Use `border` prop instead. @ http://localhost:3000/_next/static/chunks/node_modules_next_dist_f3530cac._.js:2297
[  341429ms] [WARNING] [react-tooltip] Do not set `style.border`. Use `border` prop instead. @ http://localhost:3000/_next/static/chunks/node_modules_next_dist_f3530cac._.js:2297
[  341429ms] [WARNING] [react-tooltip] Do not set `style.border`. Use `border` prop instead. @ http://localhost:3000/_next/static/chunks/node_modules_next_dist_f3530cac._.js:2297
[  341437ms] [WARNING] Image with src "/_next/static/media/js.70b52c32.png" has "fill" but is missing "sizes" prop. Please add it to improve page performance. Read more: https://nextjs.org/docs/api-reference/next/image#sizes @ http://localhost:3000/_next/static/chunks/node_modules_next_dist_f3530cac._.js:2297
[  341437ms] [WARNING] Image with src "/_next/static/media/typescript.98e686f2.png" has "fill" but is missing "sizes" prop. Please add it to improve page performance. Read more: https://nextjs.org/docs/api-reference/next/image#sizes @ http://localhost:3000/_next/static/chunks/node_modules_next_dist_f3530cac._.js:2297
[  341437ms] [WARNING] Image with src "/_next/static/media/react.94e476b9.png" has "fill" but is missing "sizes" prop. Please add it to improve page performance. Read more: https://nextjs.org/docs/api-reference/next/image#sizes @ http://localhost:3000/_next/static/chunks/node_modules_next_dist_f3530cac._.js:2297
[  341447ms] [WARNING] Image with src "/_next/static/media/nextjs.f6f9c7b2.jpeg" has "fill" but is missing "sizes" prop. Please add it to improve page performance. Read more: https://nextjs.org/docs/api-reference/next/image#sizes @ http://localhost:3000/_next/static/chunks/node_modules_next_dist_f3530cac._.js:2297
[  341447ms] [WARNING] Image with src "/_next/static/media/tailwindcss.3dd9d549.jpeg" has "fill" but is missing "sizes" prop. Please add it to improve page performance. Read more: https://nextjs.org/docs/api-reference/next/image#sizes @ http://localhost:3000/_next/static/chunks/node_modules_next_dist_f3530cac._.js:2297
[  341448ms] [WARNING] Image with src "/_next/static/media/python.58a41c3f.png" has "fill" but is missing "sizes" prop. Please add it to improve page performance. Read more: https://nextjs.org/docs/api-reference/next/image#sizes @ http://localhost:3000/_next/static/chunks/node_modules_next_dist_f3530cac._.js:2297
[  341448ms] [WARNING] Image with src "/_next/static/media/nodejs.c2c5065d.png" has "fill" but is missing "sizes" prop. Please add it to improve page performance. Read more: https://nextjs.org/docs/api-reference/next/image#sizes @ http://localhost:3000/_next/static/chunks/node_modules_next_dist_f3530cac._.js:2297
[  341449ms] [WARNING] Image with src "/_next/static/media/neon.238e1ded.jpeg" has "fill" but is missing "sizes" prop. Please add it to improve page performance. Read more: https://nextjs.org/docs/api-reference/next/image#sizes @ http://localhost:3000/_next/static/chunks/node_modules_next_dist_f3530cac._.js:2297
[  341449ms] [WARNING] Image with src "/_next/static/media/docker.ac28fd10.jpeg" has "fill" but is missing "sizes" prop. Please add it to improve page performance. Read more: https://nextjs.org/docs/api-reference/next/image#sizes @ http://localhost:3000/_next/static/chunks/node_modules_next_dist_f3530cac._.js:2297
[  341449ms] [WARNING] Image with src "/_next/static/media/vercel.621c723c.png" has "fill" but is missing "sizes" prop. Please add it to improve page performance. Read more: https://nextjs.org/docs/api-reference/next/image#sizes @ http://localhost:3000/_next/static/chunks/node_modules_next_dist_f3530cac._.js:2297
[  341449ms] [WARNING] Image with src "/_next/static/media/github.c7b35360.png" has "fill" but is missing "sizes" prop. Please add it to improve page performance. Read more: https://nextjs.org/docs/api-reference/next/image#sizes @ http://localhost:3000/_next/static/chunks/node_modules_next_dist_f3530cac._.js:2297
[  341450ms] [WARNING] Image with src "/_next/static/media/n8n.33856778.png" has "fill" but is missing "sizes" prop. Please add it to improve page performance. Read more: https://nextjs.org/docs/api-reference/next/image#sizes @ http://localhost:3000/_next/static/chunks/node_modules_next_dist_f3530cac._.js:2297
[  341450ms] [WARNING] Image with src "/_next/static/media/stripe.ae0b4826.jpeg" has "fill" but is missing "sizes" prop. Please add it to improve page performance. Read more: https://nextjs.org/docs/api-reference/next/image#sizes @ http://localhost:3000/_next/static/chunks/node_modules_next_dist_f3530cac._.js:2297
[  341450ms] [WARNING] Image with src "/_next/static/media/cursor.953073c3.webp" has "fill" but is missing "sizes" prop. Please add it to improve page performance. Read more: https://nextjs.org/docs/api-reference/next/image#sizes @ http://localhost:3000/_next/static/chunks/node_modules_next_dist_f3530cac._.js:2297
[  341450ms] [WARNING] Image with src "https://pub-b5cc14cdfc9a459bbb6c1cc637db4ffa.r2.dev/images/288_1x_shots_so.png" has "fill" but is missing "sizes" prop. Please add it to improve page performance. Read more: https://nextjs.org/docs/api-reference/next/image#sizes @ http://localhost:3000/_next/static/chunks/node_modules_next_dist_f3530cac._.js:2297
[  341450ms] [WARNING] Image with src "https://pub-b5cc14cdfc9a459bbb6c1cc637db4ffa.r2.dev/images/main.png" has "fill" but is missing "sizes" prop. Please add it to improve page performance. Read more: https://nextjs.org/docs/api-reference/next/image#sizes @ http://localhost:3000/_next/static/chunks/node_modules_next_dist_f3530cac._.js:2297
[  341450ms] [WARNING] Image with src "https://pub-b5cc14cdfc9a459bbb6c1cc637db4ffa.r2.dev/images/Trace.png" has "fill" but is missing "sizes" prop. Please add it to improve page performance. Read more: https://nextjs.org/docs/api-reference/next/image#sizes @ http://localhost:3000/_next/static/chunks/node_modules_next_dist_f3530cac._.js:2297
[  341450ms] [WARNING] Image with src "https://pub-b5cc14cdfc9a459bbb6c1cc637db4ffa.r2.dev/images/crack.png" has "fill" but is missing "sizes" prop. Please add it to improve page performance. Read more: https://nextjs.org/docs/api-reference/next/image#sizes @ http://localhost:3000/_next/static/chunks/node_modules_next_dist_f3530cac._.js:2297
[  341450ms] [WARNING] Image with src "https://pub-b5cc14cdfc9a459bbb6c1cc637db4ffa.r2.dev/images/apple.png" has "fill" but is missing "sizes" prop. Please add it to improve page performance. Read more: https://nextjs.org/docs/api-reference/next/image#sizes @ http://localhost:3000/_next/static/chunks/node_modules_next_dist_f3530cac._.js:2297
[  341482ms] [WARNING] Image with src "https://ik.imagekit.io/ivyzquofk/Financio.png" has "fill" but is missing "sizes" prop. Please add it to improve page performance. Read more: https://nextjs.org/docs/api-reference/next/image#sizes @ http://localhost:3000/_next/static/chunks/node_modules_next_dist_f3530cac._.js:2297
[  341487ms] [WARNING] Image with src "/images/blog/blog4.jpg" has "fill" but is missing "sizes" prop. Please add it to improve page performance. Read more: https://nextjs.org/docs/api-reference/next/image#sizes @ http://localhost:3000/_next/static/chunks/node_modules_next_dist_f3530cac._.js:2297
[  341487ms] [WARNING] Image with src "/images/blog/blog3.jpg" has "fill" but is missing "sizes" prop. Please add it to improve page performance. Read more: https://nextjs.org/docs/api-reference/next/image#sizes @ http://localhost:3000/_next/static/chunks/node_modules_next_dist_f3530cac._.js:2297
[  341487ms] [WARNING] Image with src "/images/blog/blog2.jpg" has "fill" but is missing "sizes" prop. Please add it to improve page performance. Read more: https://nextjs.org/docs/api-reference/next/image#sizes @ http://localhost:3000/_next/static/chunks/node_modules_next_dist_f3530cac._.js:2297
[  341488ms] [WARNING] Image with src "/images/blog/blog1.jpg" has "fill" but is missing "sizes" prop. Please add it to improve page performance. Read more: https://nextjs.org/docs/api-reference/next/image#sizes @ http://localhost:3000/_next/static/chunks/node_modules_next_dist_f3530cac._.js:2297
[  341869ms] [LOG] [Fast Refresh] rebuilding @ http://localhost:3000/_next/static/chunks/node_modules_next_dist_f3530cac._.js:2297
[  341924ms] [LOG] [Fast Refresh] done in 165ms @ http://localhost:3000/_next/static/chunks/node_modules_next_dist_f3530cac._.js:2297
[  342648ms] [LOG] [Fast Refresh] rebuilding @ http://localhost:3000/_next/static/chunks/node_modules_next_dist_f3530cac._.js:2297
[  342711ms] [LOG] [Fast Refresh] done in 118ms @ http://localhost:3000/_next/static/chunks/node_modules_next_dist_f3530cac._.js:2297
[  437820ms] [LOG] [Fast Refresh] rebuilding @ http://localhost:3000/_next/static/chunks/node_modules_next_dist_f3530cac._.js:2297
[  437885ms] [LOG] [Fast Refresh] done in 93ms @ http://localhost:3000/_next/static/chunks/node_modules_next_dist_f3530cac._.js:2297
[  438199ms] [WARNING] [react-tooltip] Do not set `style.border`. Use `border` prop instead. @ http://localhost:3000/_next/static/chunks/node_modules_next_dist_f3530cac._.js:2297
[  438200ms] [WARNING] [react-tooltip] Do not set `style.border`. Use `border` prop instead. @ http://localhost:3000/_next/static/chunks/node_modules_next_dist_f3530cac._.js:2297
[  438200ms] [WARNING] [react-tooltip] Do not set `style.border`. Use `border` prop instead. @ http://localhost:3000/_next/static/chunks/node_modules_next_dist_f3530cac._.js:2297
[  438201ms] [WARNING] [react-tooltip] Do not set `style.border`. Use `border` prop instead. @ http://localhost:3000/_next/static/chunks/node_modules_next_dist_f3530cac._.js:2297
[  438201ms] [WARNING] [react-tooltip] Do not set `style.border`. Use `border` prop instead. @ http://localhost:3000/_next/static/chunks/node_modules_next_dist_f3530cac._.js:2297
[  438202ms] [WARNING] [react-tooltip] Do not set `style.border`. Use `border` prop instead. @ http://localhost:3000/_next/static/chunks/node_modules_next_dist_f3530cac._.js:2297
[  438208ms] [LOG] %c[SmoothScroll] mount color: red; font-weight: bold @ http://localhost:3000/_next/static/chunks/node_modules_next_dist_f3530cac._.js:2297
[  438227ms] [WARNING] [react-tooltip] Do not set `style.border`. Use `border` prop instead. @ http://localhost:3000/_next/static/chunks/node_modules_next_dist_f3530cac._.js:2297
[  438228ms] [WARNING] [react-tooltip] Do not set `style.border`. Use `border` prop instead. @ http://localhost:3000/_next/static/chunks/node_modules_next_dist_f3530cac._.js:2297
[  438228ms] [WARNING] [react-tooltip] Do not set `style.border`. Use `border` prop instead. @ http://localhost:3000/_next/static/chunks/node_modules_next_dist_f3530cac._.js:2297
[  438228ms] [WARNING] [react-tooltip] Do not set `style.border`. Use `border` prop instead. @ http://localhost:3000/_next/static/chunks/node_modules_next_dist_f3530cac._.js:2297
[  438229ms] [WARNING] [react-tooltip] Do not set `style.border`. Use `border` prop instead. @ http://localhost:3000/_next/static/chunks/node_modules_next_dist_f3530cac._.js:2297
[  438229ms] [WARNING] [react-tooltip] Do not set `style.border`. Use `border` prop instead. @ http://localhost:3000/_next/static/chunks/node_modules_next_dist_f3530cac._.js:2297
[  438233ms] [LOG] %c[SmoothScroll] mount color: red; font-weight: bold @ http://localhost:3000/_next/static/chunks/node_modules_next_dist_f3530cac._.js:2297
